playDirection,dis,o,dir,quarter,down,yardsToGo,yardlineNumber,preSnapHomeScore,preSnapVisitorScore,passLength,absoluteYardlineNumber,defendersInTheBox,preSnapHomeTeamWinProbability,preSnapVisitorTeamWinProbability,assist,forcedFumble,Class
0,0.01,156.78,18.14,3,3,16,7,21,0,-1.0,103,6.0,0.990742779,0.009257221,0,0,0
0,0.02,49.07,7.0,2,1,10,44,7,7,2.0,66,6.0,0.59298123,0.40701877,0,0,1
0,0.02,140.54,312.51,3,2,4,26,3,17,4.0,36,7.0,0.168820299,0.831179701,0,0,1
0,0.02,174.89,93.54,3,3,16,7,21,0,-1.0,103,6.0,0.990742779,0.009257221,0,0,0
0,0.03,124.69,51.67,3,2,4,26,3,17,4.0,36,7.0,0.168820299,0.831179701,0,0,1
0,0.03,157.9,289.62,3,2,4,26,3,17,4.0,36,7.0,0.168820299,0.831179701,0,0,1
0,0.03,338.8,261.5,3,2,1,29,28,17,15.0,39,8.0,0.93148623,0.06851377,0,0,1
0,0.04,83.66,201.77,3,3,4,36,10,16,3.0,46,4.0,0.277480852,0.722519148,0,0,1
0,0.04,158.66,119.12,3,3,16,7,21,0,-1.0,103,6.0,0.990742779,0.009257221,0,0,0
0,0.04,334.42,283.79,3,2,1,29,28,17,15.0,39,8.0,0.93148623,0.06851377,0,0,1
0,0.05,59.91,113.03,3,3,16,7,21,0,-1.0,103,6.0,0.990742779,0.009257221,0,0,0
0,0.05,116.65,163.41,3,2,4,26,3,17,4.0,36,7.0,0.168820299,0.831179701,0,0,1
0,0.05,117.32,60.89,3,2,4,26,3,17,4.0,36,7.0,0.168820299,0.831179701,0,0,1
0,0.05,157.11,282.03,3,2,4,26,3,17,4.0,36,7.0,0.168820299,0.831179701,0,0,1
0,0.05,158.9,283.93,3,2,4,26,3,17,4.0,36,7.0,0.168820299,0.831179701,0,0,1
0,0.06,73.85,0.63,3,3,4,36,10,16,3.0,46,4.0,0.277480852,0.722519148,0,0,1
0,0.06,106.54,46.77,3,2,10,25,9,14,5.0,85,6.0,0.665892247,0.334107753,0,0,1
0,0.06,115.18,116.25,3,2,4,26,3,17,4.0,36,7.0,0.168820299,0.831179701,0,0,1
0,0.06,338.2,226.03,3,2,1,29,28,17,15.0,39,8.0,0.93148623,0.06851377,0,0,1
0,0.07,52.0,149.87,2,1,10,44,7,7,2.0,66,6.0,0.59298123,0.40701877,0,0,1
0,0.07,55.18,176.46,3,3,16,7,21,0,-1.0,103,6.0,0.990742779,0.009257221,0,0,0
0,0.07,62.73,83.95,3,3,16,7,21,0,-1.0,103,6.0,0.990742779,0.009257221,0,0,0
0,0.07,186.98,136.26,3,3,16,7,21,0,-1.0,103,6.0,0.990742779,0.009257221,0,0,0
0,0.07,311.72,305.06,3,2,1,29,28,17,15.0,39,8.0,0.93148623,0.06851377,0,0,1
0,0.07,315.08,298.46,3,2,1,29,28,17,15.0,39,8.0,0.93148623,0.06851377,0,0,1
0,0.07,338.2,219.66,3,2,1,29,28,17,15.0,39,8.0,0.93148623,0.06851377,0,0,1
0,0.08,41.79,346.3,2,1,10,44,7,7,2.0,66,6.0,0.59298123,0.40701877,0,0,1
0,0.08,109.89,68.65,3,2,4,26,3,17,4.0,36,7.0,0.168820299,0.831179701,0,0,1
0,0.08,226.56,284.94,3,1,11,11,10,20,2.0,21,7.0,0.26698086,0.73301914,0,0,1
0,0.08,295.22,316.12,3,2,1,29,28,17,15.0,39,8.0,0.93148623,0.06851377,0,0,1
0,0.09,94.08,29.95,3,2,10,25,9,14,5.0,85,6.0,0.665892247,0.334107753,0,0,1
0,0.09,138.52,136.73,3,3,16,7,21,0,-1.0,103,6.0,0.990742779,0.009257221,0,0,0
0,0.09,154.34,231.36,4,1,10,27,23,15,-3.0,83,5.0,0.883240033,0.116759967,0,0,1
0,0.09,154.34,255.61,4,1,10,27,23,15,-3.0,83,5.0,0.883240033,0.116759967,0,0,1
0,0.09,156.48,210.59,4,1,10,27,23,15,-3.0,83,5.0,0.883240033,0.116759967,0,0,1
0,0.09,189.95,142.84,3,3,16,7,21,0,-1.0,103,6.0,0.990742779,0.009257221,0,0,0
0,0.09,256.85,296.01,2,3,3,22,6,14,4.0,88,6.0,0.118943373,0.881056627,0,0,0
0,0.09,267.03,265.0,2,3,3,22,6,14,4.0,88,6.0,0.118943373,0.881056627,0,0,0
0,0.09,267.03,265.95,2,3,3,22,6,14,4.0,88,6.0,0.118943373,0.881056627,0,0,0
0,0.09,267.93,303.85,3,2,10,25,9,14,5.0,85,6.0,0.665892247,0.334107753,0,0,1
0,0.1,116.65,229.86,3,2,4,26,3,17,4.0,36,7.0,0.168820299,0.831179701,0,0,1
0,0.1,155.69,280.46,4,1,10,27,23,15,-3.0,83,5.0,0.883240033,0.116759967,0,0,1
0,0.1,236.11,302.73,3,1,11,11,10,20,2.0,21,7.0,0.26698086,0.73301914,0,0,1
0,0.1,255.81,306.88,2,3,3,22,6,14,4.0,88,6.0,0.118943373,0.881056627,0,0,0
0,0.1,257.17,326.04,3,2,1,29,28,17,15.0,39,8.0,0.93148623,0.06851377,0,0,1
0,0.1,261.74,340.52,3,2,1,29,28,17,15.0,39,8.0,0.93148623,0.06851377,0,0,1
0,0.11,64.75,69.88,3,3,16,7,21,0,-1.0,103,6.0,0.990742779,0.009257221,0,0,0
0,0.11,86.18,24.86,3,2,10,25,9,14,5.0,85,6.0,0.665892247,0.334107753,0,0,1
0,0.11,112.71,97.32,3,2,4,26,3,17,4.0,36,7.0,0.168820299,0.831179701,0,0,1
0,0.11,117.96,54.98,3,3,16,7,21,0,-1.0,103,6.0,0.990742779,0.009257221,0,0,0
0,0.11,310.4,333.73,3,2,1,29,28,17,15.0,39,8.0,0.93148623,0.06851377,0,0,1
0,0.12,91.11,197.81,3,3,4,36,10,16,3.0,46,4.0,0.277480852,0.722519148,0,0,1
0,0.12,200.53,151.26,3,3,16,7,21,0,-1.0,103,6.0,0.990742779,0.009257221,0,0,0
0,0.12,252.77,320.42,2,3,3,22,6,14,4.0,88,6.0,0.118943373,0.881056627,0,0,0
0,0.13,47.68,212.41,3,3,16,7,21,0,-1.0,103,6.0,0.990742779,0.009257221,0,0,0
0,0.13,63.74,154.93,2,1,10,44,7,7,2.0,66,6.0,0.59298123,0.40701877,0,0,1
0,0.13,128.01,271.21,1,2,13,46,0,7,15.0,56,6.0,0.142386781,0.857613219,0,0,1
0,0.13,164.19,303.67,4,1,10,27,23,15,-3.0,83,5.0,0.883240033,0.116759967,0,0,1
0,0.13,245.32,330.36,2,3,3,22,6,14,4.0,88,6.0,0.118943373,0.881056627,0,0,0
0,0.13,257.71,235.81,2,3,3,22,6,14,4.0,88,6.0,0.118943373,0.881056627,0,0,1
0,0.14,5.37,294.93,3,2,10,25,9,14,5.0,85,6.0,0.665892247,0.334107753,0,0,1
0,0.14,22.31,243.57,1,3,5,30,0,0,-3.0,80,6.0,0.558474023,0.441525977,0,0,1
0,0.14,37.2,343.24,2,1,10,44,7,7,2.0,66,6.0,0.59298123,0.40701877,0,0,1
0,0.14,41.95,319.37,3,2,1,29,28,17,15.0,39,8.0,0.93148623,0.06851377,0,0,1
0,0.14,68.76,56.64,3,3,16,7,21,0,-1.0,103,6.0,0.990742779,0.009257221,0,0,0
0,0.14,72.71,6.48,3,3,4,36,10,16,3.0,46,4.0,0.277480852,0.722519148,0,0,1
0,0.14,80.56,21.0,3,2,10,25,9,14,5.0,85,6.0,0.665892247,0.334107753,0,0,1
0,0.14,156.94,187.8,2,2,2,33,14,14,1.0,77,7.0,0.401239563,0.598760437,0,0,1
0,0.14,241.82,337.37,2,3,3,22,6,14,4.0,88,6.0,0.118943373,0.881056627,0,0,0
0,0.15,33.13,288.52,2,1,10,44,7,7,2.0,66,6.0,0.59298123,0.40701877,0,0,1
0,0.15,99.42,62.79,3,2,4,26,3,17,4.0,36,7.0,0.168820299,0.831179701,0,0,1
0,0.15,109.7,41.07,3,3,16,7,21,0,-1.0,103,6.0,0.990742779,0.009257221,0,0,0
0,0.15,123.88,135.05,3,3,5,44,7,13,2.0,54,5.0,0.165897734,0.834102266,0,0,1
0,0.15,165.62,230.58,1,1,15,13,3,14,6.0,97,6.0,0.199483851,0.800516149,0,0,1
0,0.15,205.78,157.65,3,3,16,7,21,0,-1.0,103,6.0,0.990742779,0.009257221,0,0,0
0,0.15,239.22,237.25,2,3,3,22,6,14,4.0,88,6.0,0.118943373,0.881056627,0,0,1
0,0.15,253.99,317.32,3,1,11,11,10,20,2.0,21,7.0,0.26698086,0.73301914,0,0,1
0,0.16,62.1,308.25,3,2,1,29,28,17,15.0,39,8.0,0.93148623,0.06851377,0,0,1
0,0.16,64.5,106.84,3,3,1,35,17,0,-1.0,75,7.0,0.92713451,0.07286549,0,0,1
0,0.16,113.59,250.92,3,2,4,26,3,17,4.0,36,7.0,0.168820299,0.831179701,0,0,1
0,0.16,145.94,167.75,3,3,16,7,21,0,-1.0,103,6.0,0.990742779,0.009257221,0,0,0
0,0.16,233.7,344.65,2,3,3,22,6,14,4.0,88,6.0,0.118943373,0.881056627,0,0,0
0,0.16,286.73,292.95,1,3,5,30,0,0,-3.0,80,6.0,0.558474023,0.441525977,0,0,0
0,0.17,67.82,157.86,2,1,10,44,7,7,2.0,66,6.0,0.59298123,0.40701877,0,0,1
0,0.17,69.98,46.68,3,3,16,7,21,0,-1.0,103,6.0,0.990742779,0.009257221,0,0,0
0,0.17,71.43,18.06,3,2,10,25,9,14,5.0,85,6.0,0.665892247,0.334107753,0,0,1
0,0.17,88.6,182.1,1,1,15,13,3,14,6.0,97,6.0,0.199483851,0.800516149,0,0,1
0,0.17,90.2,167.42,1,1,15,13,3,14,6.0,97,6.0,0.199483851,0.800516149,0,0,1
0,0.17,101.57,36.59,3,3,16,7,21,0,-1.0,103,6.0,0.990742779,0.009257221,0,0,0
0,0.17,110.17,87.81,3,2,4,26,3,17,4.0,36,7.0,0.168820299,0.831179701,0,0,1
0,0.17,117.28,102.97,3,3,5,44,7,13,2.0,54,5.0,0.165897734,0.834102266,0,0,1
0,0.17,130.19,254.2,1,2,13,46,0,7,15.0,56,6.0,0.142386781,0.857613219,0,0,1
0,0.17,134.36,160.63,3,3,5,44,7,13,2.0,54,5.0,0.165897734,0.834102266,0,0,1
0,0.17,189.33,319.42,4,1,10,27,23,15,-3.0,83,5.0,0.883240033,0.116759967,0,0,1
0,0.17,281.31,273.42,1,3,5,30,0,0,-3.0,80,6.0,0.558474023,0.441525977,0,0,0
0,0.18,22.31,252.52,1,3,5,30,0,0,-3.0,80,6.0,0.558474023,0.441525977,0,0,1
0,0.18,24.95,213.97,1,1,10,38,0,0,12.0,48,6.0,0.334480815,0.665519185,0,0,1
0,0.18,266.49,324.42,3,1,11,11,10,20,2.0,21,7.0,0.26698086,0.73301914,0,0,1
0,0.18,304.95,314.9,1,3,5,30,0,0,-3.0,80,6.0,0.558474023,0.441525977,0,0,0
0,0.19,29.94,299.81,2,1,10,44,7,7,2.0,66,6.0,0.59298123,0.40701877,0,0,1
0,0.19,71.04,40.21,3,3,16,7,21,0,-1.0,103,6.0,0.990742779,0.009257221,0,0,0
0,0.19,71.53,98.64,3,3,1,35,17,0,-1.0,75,7.0,0.92713451,0.07286549,0,0,1
0,0.19,96.28,128.57,1,1,15,13,3,14,6.0,97,6.0,0.199483851,0.800516149,0,0,1
0,0.19,99.43,164.62,1,1,15,13,3,14,6.0,97,6.0,0.199483851,0.800516149,0,0,1
0,0.19,125.49,243.51,1,2,13,46,0,7,15.0,56,6.0,0.142386781,0.857613219,0,0,1
0,0.19,155.79,187.4,3,2,1,46,17,7,6.0,64,6.0,0.946373641,0.053626359,0,0,1
0,0.19,225.26,351.15,2,3,3,22,6,14,4.0,88,6.0,0.118943373,0.881056627,0,0,0
0,0.19,298.29,149.23,1,2,14,40,7,0,-3.0,50,5.0,0.671460185,0.328539815,0,0,1
0,0.19,304.25,134.52,1,2,14,40,7,0,-3.0,50,5.0,0.671460185,0.328539815,0,0,1
0,0.19,314.74,161.85,1,2,14,40,7,0,-3.0,50,5.0,0.671460185,0.328539815,0,0,1
0,0.2,37.35,292.33,3,2,10,25,9,14,5.0,85,6.0,0.665892247,0.334107753,0,0,1
0,0.2,63.01,13.08,3,2,10,25,9,14,5.0,85,6.0,0.665892247,0.334107753,0,0,1
0,0.2,72.64,37.33,3,3,16,7,21,0,-1.0,103,6.0,0.990742779,0.009257221,0,0,0
0,0.2,79.47,94.15,3,3,1,35,17,0,-1.0,75,7.0,0.92713451,0.07286549,0,0,1
0,0.2,84.78,34.71,3,3,16,7,21,0,-1.0,103,6.0,0.990742779,0.009257221,0,0,0
0,0.2,142.85,173.43,3,3,5,44,7,13,2.0,54,5.0,0.165897734,0.834102266,0,0,1
0,0.2,151.47,203.74,2,2,2,33,14,14,1.0,77,7.0,0.401239563,0.598760437,0,0,1
0,0.2,218.07,169.68,3,3,16,7,21,0,-1.0,103,6.0,0.990742779,0.009257221,0,0,0
0,0.2,308.27,161.2,1,2,14,40,7,0,-3.0,50,5.0,0.671460185,0.328539815,0,0,1
0,0.21,30.72,213.73,1,1,10,38,0,0,12.0,48,6.0,0.334480815,0.665519185,0,0,1
0,0.21,31.01,308.71,2,1,10,44,7,7,2.0,66,6.0,0.59298123,0.40701877,0,0,1
0,0.21,32.53,341.61,2,1,10,44,7,7,2.0,66,6.0,0.59298123,0.40701877,0,0,1
0,0.21,43.06,221.81,3,3,16,7,21,0,-1.0,103,6.0,0.990742779,0.009257221,0,0,0
0,0.21,95.95,148.96,1,1,15,13,3,14,6.0,97,6.0,0.199483851,0.800516149,0,0,1
0,0.21,98.26,199.27,3,3,4,36,10,16,3.0,46,4.0,0.277480852,0.722519148,0,0,1
0,0.21,101.8,178.64,1,1,15,13,3,14,6.0,97,6.0,0.199483851,0.800516149,0,0,1
0,0.21,104.44,76.35,3,2,4,26,3,17,4.0,36,7.0,0.168820299,0.831179701,0,0,1
0,0.21,142.72,239.75,1,1,15,13,3,14,6.0,97,6.0,0.199483851,0.800516149,0,0,1
0,0.21,184.46,182.31,3,3,16,7,21,0,-1.0,103,6.0,0.990742779,0.009257221,0,0,0
0,0.21,216.39,355.07,2,3,3,22,6,14,4.0,88,6.0,0.118943373,0.881056627,0,0,0
0,0.21,224.18,239.75,2,3,3,22,6,14,4.0,88,6.0,0.118943373,0.881056627,0,0,1
0,0.21,276.86,255.62,1,3,5,30,0,0,-3.0,80,6.0,0.558474023,0.441525977,0,0,0
0,0.21,283.83,338.73,3,1,11,11,10,20,2.0,21,7.0,0.26698086,0.73301914,0,0,1
0,0.21,309.75,319.14,1,3,5,30,0,0,-3.0,80,6.0,0.558474023,0.441525977,0,0,0
0,0.21,336.92,122.02,1,2,14,40,7,0,-3.0,50,5.0,0.671460185,0.328539815,0,0,1
0,0.22,58.12,301.28,3,2,1,29,28,17,15.0,39,8.0,0.93148623,0.06851377,0,0,1
0,0.22,89.42,117.76,1,1,15,13,3,14,6.0,97,6.0,0.199483851,0.800516149,0,0,1
0,0.22,104.04,71.31,3,3,5,44,7,13,2.0,54,5.0,0.165897734,0.834102266,0,0,1
0,0.22,186.28,220.13,3,3,16,7,21,0,-1.0,103,6.0,0.990742779,0.009257221,0,0,1
0,0.22,226.3,328.96,4,1,10,27,23,15,-3.0,83,5.0,0.883240033,0.116759967,0,0,1
0,0.22,276.6,331.36,3,1,11,11,10,20,2.0,21,7.0,0.26698086,0.73301914,0,0,1
0,0.23,55.57,8.44,3,2,10,25,9,14,5.0,85,6.0,0.665892247,0.334107753,0,0,1
0,0.23,78.65,113.74,1,1,15,13,3,14,6.0,97,6.0,0.199483851,0.800516149,0,0,1
0,0.23,89.69,128.9,1,1,15,13,3,14,6.0,97,6.0,0.199483851,0.800516149,0,0,1
0,0.23,110.02,195.42,1,1,15,13,3,14,6.0,97,6.0,0.199483851,0.800516149,0,0,1
0,0.23,115.37,239.95,1,2,13,46,0,7,15.0,56,6.0,0.142386781,0.857613219,0,0,1
0,0.23,154.92,187.26,3,2,1,46,17,7,6.0,64,6.0,0.946373641,0.053626359,0,0,1
0,0.23,178.66,214.77,3,3,5,44,7,13,2.0,54,5.0,0.165897734,0.834102266,0,0,1
0,0.23,190.49,190.85,3,3,16,7,21,0,-1.0,103,6.0,0.990742779,0.009257221,0,0,0
0,0.23,202.19,357.87,2,3,3,22,6,14,4.0,88,6.0,0.118943373,0.881056627,0,0,0
0,0.23,296.12,345.84,3,1,11,11,10,20,2.0,21,7.0,0.26698086,0.73301914,0,0,1
0,0.23,311.77,318.07,1,3,5,30,0,0,-3.0,80,6.0,0.558474023,0.441525977,0,0,0
0,0.23,348.58,101.51,1,2,14,40,7,0,-3.0,50,5.0,0.671460185,0.328539815,0,0,1
0,0.23,349.6,318.43,2,2,5,42,10,7,1.0,68,6.0,0.495073833,0.504926167,0,0,0
0,0.24,76.18,7.84,3,3,4,36,10,16,3.0,46,4.0,0.277480852,0.722519148,0,0,1
0,0.24,86.68,92.23,3,3,1,35,17,0,-1.0,75,7.0,0.92713451,0.07286549,0,0,1
0,0.24,130.27,240.73,1,1,15,13,3,14,6.0,97,6.0,0.199483851,0.800516149,0,0,1
0,0.24,156.53,190.54,3,3,5,44,7,13,2.0,54,5.0,0.165897734,0.834102266,0,0,1
0,0.24,220.7,175.56,3,3,16,7,21,0,-1.0,103,6.0,0.990742779,0.009257221,0,0,0
0,0.24,340.98,305.82,2,2,5,42,10,7,1.0,68,6.0,0.495073833,0.504926167,0,0,0
0,0.24,353.28,338.67,2,2,5,42,10,7,1.0,68,6.0,0.495073833,0.504926167,0,0,0
0,0.25,40.43,293.53,3,2,10,25,9,14,5.0,85,6.0,0.665892247,0.334107753,0,0,1
0,0.25,43.36,212.25,1,1,10,38,0,0,12.0,48,6.0,0.334480815,0.665519185,0,0,1
0,0.25,51.91,4.84,3,2,10,25,9,14,5.0,85,6.0,0.665892247,0.334107753,0,0,1
0,0.25,89.42,107.87,1,1,15,13,3,14,6.0,97,6.0,0.199483851,0.800516149,0,0,1
0,0.25,101.8,69.72,3,2,4,26,3,17,4.0,36,7.0,0.168820299,0.831179701,0,0,1
0,0.25,141.3,139.6,4,3,5,32,2,24,15.0,42,5.0,0.001770562,0.998229438,0,0,1
0,0.25,170.61,211.32,3,3,5,44,7,13,2.0,54,5.0,0.165897734,0.834102266,0,0,1
0,0.25,191.31,359.88,2,3,3,22,6,14,4.0,88,6.0,0.118943373,0.881056627,0,0,0
0,0.25,194.27,193.71,3,3,16,7,21,0,-1.0,103,6.0,0.990742779,0.009257221,0,0,0
0,0.25,227.46,51.63,2,2,5,42,10,7,1.0,68,6.0,0.495073833,0.504926167,0,0,1
0,0.25,246.85,335.36,4,1,10,27,23,15,-3.0,83,5.0,0.883240033,0.116759967,0,0,1
0,0.25,309.6,318.17,1,3,5,30,0,0,-3.0,80,6.0,0.558474023,0.441525977,0,0,0
0,0.26,114.79,238.15,1,2,13,46,0,7,15.0,56,6.0,0.142386781,0.857613219,0,0,1
0,0.26,119.31,240.68,1,1,15,13,3,14,6.0,97,6.0,0.199483851,0.800516149,0,0,1
0,0.26,151.31,185.91,3,2,1,46,17,7,6.0,64,6.0,0.946373641,0.053626359,0,0,1
0,0.26,152.08,210.46,2,2,2,33,14,14,1.0,77,7.0,0.401239563,0.598760437,0,0,1
0,0.26,159.21,202.06,3,3,5,44,7,13,2.0,54,5.0,0.165897734,0.834102266,0,0,1
0,0.26,165.18,195.57,3,3,5,44,7,13,2.0,54,5.0,0.165897734,0.834102266,0,0,1
0,0.26,189.69,221.33,3,3,16,7,21,0,-1.0,103,6.0,0.990742779,0.009257221,0,0,1
0,0.26,219.39,179.15,3,3,16,7,21,0,-1.0,103,6.0,0.990742779,0.009257221,0,0,0
0,0.26,231.29,239.32,2,3,3,22,6,14,4.0,88,6.0,0.118943373,0.881056627,0,0,1
0,0.27,22.38,259.19,1,3,5,30,0,0,-3.0,80,6.0,0.558474023,0.441525977,0,0,1
0,0.27,29.79,316.39,2,1,10,44,7,7,2.0,66,6.0,0.59298123,0.40701877,0,0,1
0,0.27,37.09,225.43,3,3,16,7,21,0,-1.0,103,6.0,0.990742779,0.009257221,0,0,0
0,0.27,42.12,356.83,3,2,10,25,9,14,5.0,85,6.0,0.665892247,0.334107753,0,0,1
0,0.27,109.18,217.84,1,1,15,13,3,14,6.0,97,6.0,0.199483851,0.800516149,0,0,1
0,0.27,178.88,0.98,2,3,3,22,6,14,4.0,88,6.0,0.118943373,0.881056627,0,0,0
0,0.27,305.96,318.25,1,3,5,30,0,0,-3.0,80,6.0,0.558474023,0.441525977,0,0,0
0,0.27,358.45,81.76,1,2,14,40,7,0,-3.0,50,5.0,0.671460185,0.328539815,0,0,1
0,0.28,28.27,339.95,2,1,10,44,7,7,2.0,66,6.0,0.59298123,0.40701877,0,0,1
0,0.28,31.06,350.4,3,2,10,25,9,14,5.0,85,6.0,0.665892247,0.334107753,0,0,1
0,0.28,40.43,294.49,3,2,10,25,9,14,5.0,85,6.0,0.665892247,0.334107753,0,0,1
0,0.28,86.9,103.29,1,1,15,13,3,14,6.0,97,6.0,0.199483851,0.800516149,0,0,1
0,0.28,92.77,57.17,3,3,5,44,7,13,2.0,54,5.0,0.165897734,0.834102266,0,0,1
0,0.28,108.81,237.28,1,2,13,46,0,7,15.0,56,6.0,0.142386781,0.857613219,0,0,1
0,0.28,113.57,209.74,1,1,15,13,3,14,6.0,97,6.0,0.199483851,0.800516149,0,0,1
0,0.28,198.59,194.4,3,3,16,7,21,0,-1.0,103,6.0,0.990742779,0.009257221,0,0,0
0,0.28,210.09,188.28,3,3,16,7,21,0,-1.0,103,6.0,0.990742779,0.009257221,0,0,0
0,0.28,220.61,183.32,3,3,16,7,21,0,-1.0,103,6.0,0.990742779,0.009257221,0,0,0
0,0.28,263.31,340.51,4,1,10,27,23,15,-3.0,83,5.0,0.883240033,0.116759967,0,0,1
0,0.28,319.48,339.95,4,1,10,11,22,10,-5.0,99,6.0,0.967346075,0.032653925,0,0,1
0,0.28,358.65,344.76,2,2,5,42,10,7,1.0,68,6.0,0.495073833,0.504926167,0,0,0
0,0.29,53.11,210.62,1,1,10,38,0,0,12.0,48,6.0,0.334480815,0.665519185,0,0,1
0,0.29,53.36,298.47,3,2,1,29,28,17,15.0,39,8.0,0.93148623,0.06851377,0,0,1
0,0.29,78.83,54.71,3,2,4,26,3,17,4.0,36,7.0,0.168820299,0.831179701,0,0,1
0,0.29,86.8,99.24,1,1,15,13,3,14,6.0,97,6.0,0.199483851,0.800516149,0,0,1
0,0.29,97.77,63.78,3,2,4,26,3,17,4.0,36,7.0,0.168820299,0.831179701,0,0,1
0,0.29,106.22,200.46,3,3,4,36,10,16,3.0,46,4.0,0.277480852,0.722519148,0,0,1
0,0.29,113.15,239.31,1,1,15,13,3,14,6.0,97,6.0,0.199483851,0.800516149,0,0,1
0,0.29,191.27,220.42,3,3,16,7,21,0,-1.0,103,6.0,0.990742779,0.009257221,0,0,1
0,0.29,306.25,357.49,3,1,11,11,10,20,2.0,21,7.0,0.26698086,0.73301914,0,0,1
0,0.29,308.88,316.98,1,3,5,30,0,0,-3.0,80,6.0,0.558474023,0.441525977,0,0,0
0,0.3,21.16,343.45,3,2,10,25,9,14,5.0,85,6.0,0.665892247,0.334107753,0,0,1
0,0.3,108.21,224.05,1,1,15,13,3,14,6.0,97,6.0,0.199483851,0.800516149,0,0,1
0,0.3,137.05,140.22,4,3,5,32,2,24,15.0,42,5.0,0.001770562,0.998229438,0,0,1
0,0.3,149.82,185.59,3,2,1,46,17,7,6.0,64,6.0,0.946373641,0.053626359,0,0,1
0,0.3,162.34,1.85,2,3,3,22,6,14,4.0,88,6.0,0.118943373,0.881056627,0,0,0
0,0.3,260.45,235.33,1,3,5,30,0,0,-3.0,80,6.0,0.558474023,0.441525977,0,0,0
0,0.3,307.94,342.0,4,1,10,11,22,10,-5.0,99,6.0,0.967346075,0.032653925,0,0,1
0,0.3,311.21,4.09,3,1,11,11,10,20,2.0,21,7.0,0.26698086,0.73301914,0,0,1
0,0.31,13.01,337.45,3,2,10,25,9,14,5.0,85,6.0,0.665892247,0.334107753,0,0,1
0,0.31,31.72,228.45,3,3,16,7,21,0,-1.0,103,6.0,0.990742779,0.009257221,0,0,0
0,0.31,89.35,90.48,3,3,1,35,17,0,-1.0,75,7.0,0.92713451,0.07286549,0,0,1
0,0.31,108.21,234.1,1,1,15,13,3,14,6.0,97,6.0,0.199483851,0.800516149,0,0,1
0,0.31,199.63,191.97,3,3,16,7,21,0,-1.0,103,6.0,0.990742779,0.009257221,0,0,0
0,0.31,309.77,311.86,1,3,5,30,0,0,-3.0,80,6.0,0.558474023,0.441525977,0,0,0
0,0.32,28.07,321.84,2,1,10,44,7,7,2.0,66,6.0,0.59298123,0.40701877,0,0,1
0,0.32,80.93,53.67,3,2,4,26,3,17,4.0,36,7.0,0.168820299,0.831179701,0,0,1
0,0.32,89.86,99.2,1,1,15,13,3,14,6.0,97,6.0,0.199483851,0.800516149,0,0,1
0,0.32,108.21,228.93,1,1,15,13,3,14,6.0,97,6.0,0.199483851,0.800516149,0,0,1
0,0.32,138.86,3.41,2,3,3,22,6,14,4.0,88,6.0,0.118943373,0.881056627,0,0,0
0,0.32,156.41,209.84,2,2,2,33,14,14,1.0,77,7.0,0.401239563,0.598760437,0,0,1
0,0.32,196.81,217.39,3,3,16,7,21,0,-1.0,103,6.0,0.990742779,0.009257221,0,0,1
0,0.33,0.5,261.49,1,3,5,30,0,0,-3.0,80,6.0,0.558474023,0.441525977,0,0,1
0,0.33,5.63,328.93,3,2,10,25,9,14,5.0,85,6.0,0.665892247,0.334107753,0,0,1
0,0.33,25.56,326.51,2,1,10,44,7,7,2.0,66,6.0,0.59298123,0.40701877,0,0,1
0,0.33,26.93,340.0,2,1,10,44,7,7,2.0,66,6.0,0.59298123,0.40701877,0,0,1
0,0.33,40.43,295.53,3,2,10,25,9,14,5.0,85,6.0,0.665892247,0.334107753,0,0,1
0,0.33,55.36,234.82,1,2,13,46,0,7,15.0,56,6.0,0.142386781,0.857613219,0,0,1
0,0.33,65.68,208.18,1,1,10,38,0,0,12.0,48,6.0,0.334480815,0.665519185,0,0,1
0,0.33,88.23,97.82,1,1,15,13,3,14,6.0,97,6.0,0.199483851,0.800516149,0,0,1
0,0.33,88.58,87.47,3,3,1,35,17,0,-1.0,75,7.0,0.92713451,0.07286549,0,0,1
0,0.33,90.06,55.26,3,2,4,26,3,17,4.0,36,7.0,0.168820299,0.831179701,0,0,1
0,0.33,147.0,184.76,3,2,1,46,17,7,6.0,64,6.0,0.946373641,0.053626359,0,0,1
0,0.33,201.2,197.94,3,3,16,7,21,0,-1.0,103,6.0,0.990742779,0.009257221,0,0,0
0,0.33,303.03,305.54,1,3,5,30,0,0,-3.0,80,6.0,0.558474023,0.441525977,0,0,0
0,0.33,308.06,307.03,1,3,5,30,0,0,-3.0,80,6.0,0.558474023,0.441525977,0,0,0
0,0.34,80.33,52.57,3,2,4,26,3,17,4.0,36,7.0,0.168820299,0.831179701,0,0,1
0,0.34,84.92,53.14,3,2,4,26,3,17,4.0,36,7.0,0.168820299,0.831179701,0,0,1
0,0.34,122.03,4.0,2,3,3,22,6,14,4.0,88,6.0,0.118943373,0.881056627,0,0,0
0,0.34,295.92,304.53,1,3,5,30,0,0,-3.0,80,6.0,0.558474023,0.441525977,0,0,0
0,0.35,87.5,46.93,3,3,5,44,7,13,2.0,54,5.0,0.165897734,0.834102266,0,0,1
0,0.35,107.46,5.15,2,3,3,22,6,14,4.0,88,6.0,0.118943373,0.881056627,0,0,0
0,0.35,137.67,140.24,4,3,5,32,2,24,15.0,42,5.0,0.001770562,0.998229438,0,0,1
0,0.35,151.44,200.42,3,3,16,7,21,0,-1.0,103,6.0,0.990742779,0.009257221,0,0,1
0,0.35,198.18,211.33,3,3,16,7,21,0,-1.0,103,6.0,0.990742779,0.009257221,0,0,1
0,0.35,225.39,236.2,2,3,3,22,6,14,4.0,88,6.0,0.118943373,0.881056627,0,0,1
0,0.35,293.59,302.8,1,3,5,30,0,0,-3.0,80,6.0,0.558474023,0.441525977,0,0,0
0,0.35,310.21,335.23,4,1,10,11,22,10,-5.0,99,6.0,0.967346075,0.032653925,0,0,1
0,0.35,318.35,19.62,3,1,11,11,10,20,2.0,21,7.0,0.26698086,0.73301914,0,0,1
0,0.36,20.22,302.1,4,1,10,11,22,10,-5.0,99,6.0,0.967346075,0.032653925,0,0,1
0,0.36,28.0,52.63,2,2,5,42,10,7,1.0,68,6.0,0.495073833,0.504926167,0,0,1
0,0.36,84.86,84.63,3,3,1,35,17,0,-1.0,75,7.0,0.92713451,0.07286549,0,0,1
0,0.36,154.91,191.73,3,3,16,7,21,0,-1.0,103,6.0,0.990742779,0.009257221,0,0,1
0,0.36,258.93,234.62,1,3,5,30,0,0,-3.0,80,6.0,0.558474023,0.441525977,0,0,0
0,0.36,291.04,300.92,1,3,5,30,0,0,-3.0,80,6.0,0.558474023,0.441525977,0,0,0
0,0.36,358.08,322.49,3,2,10,25,9,14,5.0,85,6.0,0.665892247,0.334107753,0,0,1
0,0.37,0.96,351.98,2,2,5,42,10,7,1.0,68,6.0,0.495073833,0.504926167,0,0,0
0,0.37,92.64,206.37,1,1,10,38,0,0,12.0,48,6.0,0.334480815,0.665519185,0,0,1
0,0.37,96.93,6.01,2,3,3,22,6,14,4.0,88,6.0,0.118943373,0.881056627,0,0,0
0,0.37,144.16,182.97,3,2,1,46,17,7,6.0,64,6.0,0.946373641,0.053626359,0,0,1
0,0.37,162.8,211.39,2,2,2,33,14,14,1.0,77,7.0,0.401239563,0.598760437,0,0,1
0,0.37,305.32,219.83,4,2,7,21,28,27,4.0,31,6.0,0.359554585,0.640445415,0,0,1
0,0.38,23.08,231.56,3,3,16,7,21,0,-1.0,103,6.0,0.990742779,0.009257221,0,0,0
0,0.38,25.35,339.18,2,1,10,44,7,7,2.0,66,6.0,0.59298123,0.40701877,0,0,1
0,0.38,36.8,300.74,3,2,10,25,9,14,5.0,85,6.0,0.665892247,0.334107753,0,0,1
0,0.38,71.2,7.58,3,3,4,36,10,16,3.0,46,4.0,0.277480852,0.722519148,0,0,1
0,0.38,154.91,181.84,3,3,16,7,21,0,-1.0,103,6.0,0.990742779,0.009257221,0,0,1
0,0.38,347.26,316.72,3,2,10,25,9,14,5.0,85,6.0,0.665892247,0.334107753,0,0,1
0,0.38,353.56,29.91,3,1,11,11,10,20,2.0,21,7.0,0.26698086,0.73301914,0,0,1
0,0.38,353.93,236.27,1,2,13,46,0,7,15.0,56,6.0,0.142386781,0.857613219,0,0,1
0,0.39,86.41,81.61,3,3,1,35,17,0,-1.0,75,7.0,0.92713451,0.07286549,0,0,1
0,0.39,166.69,184.54,3,1,10,39,14,24,6.0,71,5.0,0.162631068,0.837368932,0,0,1
0,0.39,201.92,204.98,3,3,16,7,21,0,-1.0,103,6.0,0.990742779,0.009257221,0,0,1
0,0.39,275.82,346.24,4,1,10,27,23,15,-3.0,83,5.0,0.883240033,0.116759967,0,0,1
0,0.39,351.46,302.6,3,2,10,25,9,14,5.0,85,6.0,0.665892247,0.334107753,0,0,1
0,0.4,21.28,34.41,3,1,11,11,10,20,2.0,21,7.0,0.26698086,0.73301914,0,0,1
0,0.4,86.24,7.51,2,3,3,22,6,14,4.0,88,6.0,0.118943373,0.881056627,0,0,0
0,0.4,139.26,180.92,3,2,1,46,17,7,6.0,64,6.0,0.946373641,0.053626359,0,0,1
0,0.4,158.2,172.55,3,3,16,7,21,0,-1.0,103,6.0,0.990742779,0.009257221,0,0,1
0,0.4,183.21,203.38,3,3,4,36,10,16,3.0,46,4.0,0.277480852,0.722519148,0,0,1
0,0.4,341.74,311.08,3,2,10,25,9,14,5.0,85,6.0,0.665892247,0.334107753,0,0,1
0,0.4,349.22,239.98,1,2,13,46,0,7,15.0,56,6.0,0.142386781,0.857613219,0,0,1
0,0.41,17.0,331.46,2,1,10,44,7,7,2.0,66,6.0,0.59298123,0.40701877,0,0,1
0,0.41,22.02,21.16,4,3,9,32,24,20,12.0,78,6.0,0.690304995,0.309695005,0,0,1
0,0.41,28.0,54.11,2,2,5,42,10,7,1.0,68,6.0,0.495073833,0.504926167,0,0,1
0,0.41,38.29,34.67,3,1,11,11,10,20,2.0,21,7.0,0.26698086,0.73301914,0,0,1
0,0.41,84.47,41.62,3,3,5,44,7,13,2.0,54,5.0,0.165897734,0.834102266,0,0,1
0,0.41,86.41,76.13,3,3,1,35,17,0,-1.0,75,7.0,0.92713451,0.07286549,0,0,1
0,0.41,194.61,233.59,4,3,7,23,23,20,17.0,87,2.0,0.974164491,0.025835509,0,1,1
0,0.41,257.97,234.75,1,3,5,30,0,0,-3.0,80,6.0,0.558474023,0.441525977,0,0,0
0,0.41,298.48,305.82,3,2,10,25,9,14,5.0,85,6.0,0.665892247,0.334107753,0,0,1
0,0.41,336.5,243.97,1,2,13,46,0,7,15.0,56,6.0,0.142386781,0.857613219,0,0,1
0,0.41,352.64,258.95,1,3,5,30,0,0,-3.0,80,6.0,0.558474023,0.441525977,0,0,1
0,0.41,358.88,353.0,2,2,5,42,10,7,1.0,68,6.0,0.495073833,0.504926167,0,0,0
0,0.42,46.14,296.14,3,2,1,29,28,17,15.0,39,8.0,0.93148623,0.06851377,0,0,1
0,0.42,51.56,34.32,3,1,11,11,10,20,2.0,21,7.0,0.26698086,0.73301914,0,0,1
0,0.42,73.58,29.43,3,1,11,11,10,20,2.0,21,7.0,0.26698086,0.73301914,0,0,1
0,0.42,94.26,12.9,3,1,11,11,10,20,2.0,21,7.0,0.26698086,0.73301914,0,0,1
0,0.42,100.59,203.38,1,1,10,38,0,0,12.0,48,6.0,0.334480815,0.665519185,0,0,1
0,0.42,179.57,211.75,2,2,2,33,14,14,1.0,77,7.0,0.401239563,0.598760437,0,0,1
0,0.42,229.48,233.09,2,3,3,22,6,14,4.0,88,6.0,0.118943373,0.881056627,0,0,1
0,0.42,248.37,215.45,4,2,7,21,28,27,4.0,31,6.0,0.359554585,0.640445415,0,0,1
0,0.42,286.1,205.42,3,3,4,36,10,16,3.0,46,4.0,0.277480852,0.722519148,0,0,1
0,0.42,333.83,248.93,1,2,13,46,0,7,15.0,56,6.0,0.142386781,0.857613219,0,0,1
0,0.43,15.11,307.68,4,1,10,11,22,10,-5.0,99,6.0,0.967346075,0.032653925,0,0,1
0,0.43,16.09,335.75,2,1,10,44,7,7,2.0,66,6.0,0.59298123,0.40701877,0,0,1
0,0.43,63.82,32.98,3,1,11,11,10,20,2.0,21,7.0,0.26698086,0.73301914,0,0,1
0,0.43,66.34,50.97,2,2,5,42,10,7,1.0,68,6.0,0.495073833,0.504926167,0,0,1
0,0.43,70.95,60.66,2,2,5,42,10,7,1.0,68,6.0,0.495073833,0.504926167,0,0,1
0,0.43,78.16,8.66,2,3,3,22,6,14,4.0,88,6.0,0.118943373,0.881056627,0,0,0
0,0.43,78.27,20.74,3,1,11,11,10,20,2.0,21,7.0,0.26698086,0.73301914,0,0,1
0,0.43,86.41,72.15,3,3,1,35,17,0,-1.0,75,7.0,0.92713451,0.07286549,0,0,1
0,0.43,160.41,165.95,3,3,16,7,21,0,-1.0,103,6.0,0.990742779,0.009257221,0,0,1
0,0.43,206.26,196.7,3,3,16,7,21,0,-1.0,103,6.0,0.990742779,0.009257221,0,0,1
0,0.44,13.36,334.78,2,1,10,44,7,7,2.0,66,6.0,0.59298123,0.40701877,0,0,1
0,0.44,18.46,56.66,1,2,14,40,7,0,-3.0,50,5.0,0.671460185,0.328539815,0,0,1
0,0.44,67.86,7.61,3,3,4,36,10,16,3.0,46,4.0,0.277480852,0.722519148,0,0,1
0,0.44,75.37,23.75,3,1,11,11,10,20,2.0,21,7.0,0.26698086,0.73301914,0,0,1
0,0.44,81.23,69.17,2,2,5,42,10,7,1.0,68,6.0,0.495073833,0.504926167,0,0,1
0,0.44,91.8,13.45,3,1,11,11,10,20,2.0,21,7.0,0.26698086,0.73301914,0,0,1
0,0.44,141.94,178.96,3,2,1,46,17,7,6.0,64,6.0,0.946373641,0.053626359,0,0,1
0,0.44,158.58,183.62,3,1,10,39,14,24,6.0,71,5.0,0.162631068,0.837368932,0,0,1
0,0.44,194.61,230.39,4,3,7,23,23,20,17.0,87,2.0,0.974164491,0.025835509,0,1,1
0,0.44,203.95,189.59,3,3,16,7,21,0,-1.0,103,6.0,0.990742779,0.009257221,0,0,1
0,0.44,207.84,225.82,2,3,3,22,6,14,4.0,88,6.0,0.118943373,0.881056627,0,0,1
0,0.44,251.61,204.98,3,3,4,36,10,16,3.0,46,4.0,0.277480852,0.722519148,0,0,1
0,0.44,285.52,355.94,4,1,10,27,23,15,-3.0,83,5.0,0.883240033,0.116759967,0,0,1
0,0.44,329.32,254.65,1,2,13,46,0,7,15.0,56,6.0,0.142386781,0.857613219,0,0,1
0,0.44,344.72,255.74,1,3,5,30,0,0,-3.0,80,6.0,0.558474023,0.441525977,0,0,1
0,0.45,11.85,333.82,2,1,10,44,7,7,2.0,66,6.0,0.59298123,0.40701877,0,0,1
0,0.45,20.09,232.17,3,3,16,7,21,0,-1.0,103,6.0,0.990742779,0.009257221,0,0,0
0,0.45,62.96,41.29,2,2,5,42,10,7,1.0,68,6.0,0.495073833,0.504926167,0,0,1
0,0.45,80.74,37.88,3,3,5,44,7,13,2.0,54,5.0,0.165897734,0.834102266,0,0,1
0,0.45,88.58,75.82,2,2,5,42,10,7,1.0,68,6.0,0.495073833,0.504926167,0,0,1
0,0.45,121.03,139.69,4,3,5,32,2,24,15.0,42,5.0,0.001770562,0.998229438,0,0,1
0,0.45,147.74,180.37,2,2,2,33,14,14,1.0,77,7.0,0.401239563,0.598760437,0,0,1
0,0.45,278.36,205.61,3,3,4,36,10,16,3.0,46,4.0,0.277480852,0.722519148,0,0,1
0,0.45,293.96,331.06,4,1,10,11,22,10,-5.0,99,6.0,0.967346075,0.032653925,0,0,1
0,0.45,295.18,327.86,4,1,10,11,22,10,-5.0,99,6.0,0.967346075,0.032653925,0,0,1
0,0.46,13.19,311.88,4,1,10,11,22,10,-5.0,99,6.0,0.967346075,0.032653925,0,0,1
0,0.46,21.0,56.15,2,2,5,42,10,7,1.0,68,6.0,0.495073833,0.504926167,0,0,1
0,0.46,68.59,9.91,2,3,3,22,6,14,4.0,88,6.0,0.118943373,0.881056627,0,0,0
0,0.46,86.41,68.03,3,3,1,35,17,0,-1.0,75,7.0,0.92713451,0.07286549,0,0,1
0,0.46,86.42,15.51,3,1,11,11,10,20,2.0,21,7.0,0.26698086,0.73301914,0,0,1
0,0.46,106.49,198.81,1,1,10,38,0,0,12.0,48,6.0,0.334480815,0.665519185,0,0,1
0,0.46,227.04,213.24,4,2,7,21,28,27,4.0,31,6.0,0.359554585,0.640445415,0,0,1
0,0.46,228.09,232.99,2,3,3,22,6,14,4.0,88,6.0,0.118943373,0.881056627,0,0,1
0,0.46,282.75,206.15,3,3,4,36,10,16,3.0,46,4.0,0.277480852,0.722519148,0,0,1
0,0.46,292.8,1.5,4,1,10,27,23,15,-3.0,83,5.0,0.883240033,0.116759967,0,0,1
0,0.46,318.99,260.17,1,2,13,46,0,7,15.0,56,6.0,0.142386781,0.857613219,0,0,1
0,0.47,26.17,21.53,4,3,9,32,24,20,12.0,78,6.0,0.690304995,0.309695005,0,0,1
0,0.47,94.22,80.06,2,2,5,42,10,7,1.0,68,6.0,0.495073833,0.504926167,0,0,1
0,0.47,140.99,176.52,3,2,1,46,17,7,6.0,64,6.0,0.946373641,0.053626359,0,0,1
0,0.47,152.73,181.92,2,2,2,33,14,14,1.0,77,7.0,0.401239563,0.598760437,0,0,1
0,0.47,254.26,235.79,1,3,5,30,0,0,-3.0,80,6.0,0.558474023,0.441525977,0,0,0
0,0.47,271.19,206.06,3,3,4,36,10,16,3.0,46,4.0,0.277480852,0.722519148,0,0,1
0,0.47,277.79,206.8,3,3,4,36,10,16,3.0,46,4.0,0.277480852,0.722519148,0,0,1
0,0.47,303.54,7.73,4,1,10,27,23,15,-3.0,83,5.0,0.883240033,0.116759967,0,0,1
0,0.47,321.44,325.63,4,1,10,11,22,10,-5.0,99,6.0,0.967346075,0.032653925,0,0,1
0,0.48,45.52,295.71,3,2,1,29,28,17,15.0,39,8.0,0.93148623,0.06851377,0,0,1
0,0.48,58.25,31.78,2,2,5,42,10,7,1.0,68,6.0,0.495073833,0.504926167,0,0,1
0,0.48,114.34,179.77,1,1,10,38,0,0,12.0,48,6.0,0.334480815,0.665519185,0,0,1
0,0.48,210.44,210.7,4,2,7,21,28,27,4.0,31,6.0,0.359554585,0.640445415,0,0,1
0,0.48,230.57,232.68,2,3,3,22,6,14,4.0,88,6.0,0.118943373,0.881056627,0,0,1
0,0.48,318.89,14.99,4,1,10,27,23,15,-3.0,83,5.0,0.883240033,0.116759967,0,0,1
0,0.48,319.91,266.85,1,2,13,46,0,7,15.0,56,6.0,0.142386781,0.857613219,0,0,1
0,0.48,321.03,283.97,1,2,13,46,0,7,15.0,56,6.0,0.142386781,0.857613219,0,0,1
0,0.48,358.93,351.59,2,2,5,42,10,7,1.0,68,6.0,0.495073833,0.504926167,0,0,0
0,0.49,60.32,10.61,2,3,3,22,6,14,4.0,88,6.0,0.118943373,0.881056627,0,0,0
0,0.49,65.29,7.47,3,3,4,36,10,16,3.0,46,4.0,0.277480852,0.722519148,0,0,1
0,0.49,76.55,35.45,3,3,5,44,7,13,2.0,54,5.0,0.165897734,0.834102266,0,0,1
0,0.49,113.67,141.01,4,3,5,32,2,24,15.0,42,5.0,0.001770562,0.998229438,0,0,1
0,0.49,121.52,163.71,4,2,7,21,28,27,4.0,31,6.0,0.359554585,0.640445415,0,0,1
0,0.49,163.29,154.93,3,3,16,7,21,0,-1.0,103,6.0,0.990742779,0.009257221,0,0,1
0,0.49,165.32,181.42,3,1,10,39,14,24,6.0,71,5.0,0.162631068,0.837368932,0,0,1
0,0.49,166.49,179.85,3,1,10,39,14,24,6.0,71,5.0,0.162631068,0.837368932,0,0,1
0,0.49,186.71,207.04,1,3,5,30,0,0,-3.0,80,6.0,0.558474023,0.441525977,0,0,1
0,0.49,196.22,220.8,4,3,7,23,23,20,17.0,87,2.0,0.974164491,0.025835509,0,1,1
0,0.49,271.42,252.46,1,3,5,30,0,0,-3.0,80,6.0,0.558474023,0.441525977,0,0,1
0,0.49,342.58,23.37,4,1,10,27,23,15,-3.0,83,5.0,0.883240033,0.116759967,0,0,1
0,0.5,97.39,82.63,2,2,5,42,10,7,1.0,68,6.0,0.495073833,0.504926167,0,0,1
0,0.5,139.37,174.54,3,2,1,46,17,7,6.0,64,6.0,0.946373641,0.053626359,0,0,1
0,0.5,161.94,182.85,3,1,10,39,14,24,6.0,71,5.0,0.162631068,0.837368932,0,0,1
0,0.5,231.87,232.06,2,3,3,22,6,14,4.0,88,6.0,0.118943373,0.881056627,0,0,1
0,0.5,238.76,214.68,2,2,2,33,14,14,1.0,77,7.0,0.401239563,0.598760437,0,0,1
0,0.5,241.97,207.54,4,3,7,23,23,20,17.0,87,2.0,0.974164491,0.025835509,0,1,1
0,0.51,50.9,22.55,2,2,5,42,10,7,1.0,68,6.0,0.495073833,0.504926167,0,0,1
0,0.51,90.34,58.4,3,3,1,35,17,0,-1.0,75,7.0,0.92713451,0.07286549,0,0,1
0,0.51,97.88,173.62,3,2,1,46,17,7,6.0,64,6.0,0.946373641,0.053626359,0,0,1
0,0.51,160.69,186.24,2,2,2,33,14,14,1.0,77,7.0,0.401239563,0.598760437,0,0,1
0,0.51,194.79,215.65,4,3,7,23,23,20,17.0,87,2.0,0.974164491,0.025835509,0,1,1
0,0.51,199.19,205.28,1,3,5,30,0,0,-3.0,80,6.0,0.558474023,0.441525977,0,0,1
0,0.51,332.75,273.98,1,2,13,46,0,7,15.0,56,6.0,0.142386781,0.857613219,0,0,1
0,0.52,67.65,29.57,3,3,5,44,7,13,2.0,54,5.0,0.165897734,0.834102266,0,0,1
0,0.52,87.49,83.2,2,2,5,42,10,7,1.0,68,6.0,0.495073833,0.504926167,0,0,1
0,0.52,160.32,150.78,3,3,16,7,21,0,-1.0,103,6.0,0.990742779,0.009257221,0,0,1
0,0.52,166.5,188.82,2,2,2,33,14,14,1.0,77,7.0,0.401239563,0.598760437,0,0,1
0,0.52,198.12,212.14,4,3,7,23,23,20,17.0,87,2.0,0.974164491,0.025835509,0,1,1
0,0.52,237.45,236.89,2,3,3,22,6,14,4.0,88,6.0,0.118943373,0.881056627,0,0,1
0,0.52,322.33,323.18,4,1,10,11,22,10,-5.0,99,6.0,0.967346075,0.032653925,0,0,1
0,0.52,359.07,28.47,4,1,10,27,23,15,-3.0,83,5.0,0.883240033,0.116759967,0,0,1
0,0.53,50.57,11.13,2,3,3,22,6,14,4.0,88,6.0,0.118943373,0.881056627,0,0,0
0,0.53,61.48,6.96,3,3,4,36,10,16,3.0,46,4.0,0.277480852,0.722519148,0,0,1
0,0.53,69.26,31.24,3,3,5,44,7,13,2.0,54,5.0,0.165897734,0.834102266,0,0,1
0,0.53,74.29,33.05,3,3,5,44,7,13,2.0,54,5.0,0.165897734,0.834102266,0,0,1
0,0.53,117.09,162.09,4,2,7,21,28,27,4.0,31,6.0,0.359554585,0.640445415,0,0,1
0,0.53,142.08,171.89,3,2,1,46,17,7,6.0,64,6.0,0.946373641,0.053626359,0,0,1
0,0.53,200.71,205.99,4,3,7,23,23,20,17.0,87,2.0,0.974164491,0.025835509,0,1,1
0,0.53,235.39,215.03,2,2,2,33,14,14,1.0,77,7.0,0.401239563,0.598760437,0,0,1
0,0.53,236.43,204.65,4,3,7,23,23,20,17.0,87,2.0,0.974164491,0.025835509,0,1,1
0,0.53,237.29,212.01,4,3,1,45,15,9,2.0,65,7.0,0.907690009,0.092309991,0,0,1
0,0.53,328.62,321.81,4,1,10,11,22,10,-5.0,99,6.0,0.967346075,0.032653925,0,0,1
0,0.54,5.83,34.14,4,1,10,27,23,15,-3.0,83,5.0,0.883240033,0.116759967,0,0,1
0,0.54,19.78,41.05,4,1,10,27,23,15,-3.0,83,5.0,0.883240033,0.116759967,0,0,1
0,0.54,98.77,169.15,3,2,1,46,17,7,6.0,64,6.0,0.946373641,0.053626359,0,0,1
0,0.54,117.78,153.3,3,1,10,39,14,24,6.0,71,5.0,0.162631068,0.837368932,0,0,1
0,0.54,119.75,188.63,1,1,10,38,0,0,12.0,48,6.0,0.334480815,0.665519185,0,0,1
0,0.54,234.9,230.1,2,3,3,22,6,14,4.0,88,6.0,0.118943373,0.881056627,0,0,1
0,0.54,321.7,278.74,1,2,13,46,0,7,15.0,56,6.0,0.142386781,0.857613219,0,0,1
0,0.54,358.54,348.2,2,2,5,42,10,7,1.0,68,6.0,0.495073833,0.504926167,0,0,0
0,0.55,16.08,57.22,2,2,5,42,10,7,1.0,68,6.0,0.495073833,0.504926167,0,0,1
0,0.55,38.05,50.33,1,2,14,40,7,0,-3.0,50,5.0,0.671460185,0.328539815,0,0,1
0,0.55,82.53,83.42,2,2,5,42,10,7,1.0,68,6.0,0.495073833,0.504926167,0,0,1
0,0.55,99.82,144.93,4,3,5,32,2,24,15.0,42,5.0,0.001770562,0.998229438,0,0,1
0,0.55,176.18,193.86,2,2,2,33,14,14,1.0,77,7.0,0.401239563,0.598760437,0,0,1
0,0.55,199.19,202.93,1,3,5,30,0,0,-3.0,80,6.0,0.558474023,0.441525977,0,0,1
0,0.55,234.63,210.85,4,3,1,45,15,9,2.0,65,7.0,0.907690009,0.092309991,0,0,1
0,0.55,240.42,236.85,1,3,5,30,0,0,-3.0,80,6.0,0.558474023,0.441525977,0,0,0
0,0.55,241.88,241.61,2,3,3,22,6,14,4.0,88,6.0,0.118943373,0.881056627,0,0,1
0,0.56,55.2,6.3,3,3,4,36,10,16,3.0,46,4.0,0.277480852,0.722519148,0,0,1
0,0.56,135.96,170.02,3,2,1,46,17,7,6.0,64,6.0,0.946373641,0.053626359,0,0,1
0,0.56,158.81,144.33,3,3,16,7,21,0,-1.0,103,6.0,0.990742779,0.009257221,0,0,1
0,0.56,199.23,201.07,4,3,7,23,23,20,17.0,87,2.0,0.974164491,0.025835509,0,1,1
0,0.56,206.21,201.03,1,3,5,30,0,0,-3.0,80,6.0,0.558474023,0.441525977,0,0,1
0,0.56,226.81,202.14,4,3,7,23,23,20,17.0,87,2.0,0.974164491,0.025835509,0,1,1
0,0.56,234.73,214.57,2,2,2,33,14,14,1.0,77,7.0,0.401239563,0.598760437,0,0,1
0,0.56,304.09,296.1,4,3,9,32,24,20,12.0,78,6.0,0.690304995,0.309695005,0,0,0
0,0.56,307.72,290.07,1,2,13,46,0,7,15.0,56,6.0,0.142386781,0.857613219,0,0,1
0,0.56,359.48,314.2,4,1,10,11,22,10,-5.0,99,6.0,0.967346075,0.032653925,0,0,1
0,0.56,359.5,346.16,2,2,5,42,10,7,1.0,68,6.0,0.495073833,0.504926167,0,0,0
0,0.57,25.72,45.72,4,1,10,27,23,15,-3.0,83,5.0,0.883240033,0.116759967,0,0,1
0,0.57,27.37,21.63,4,3,9,32,24,20,12.0,78,6.0,0.690304995,0.309695005,0,0,1
0,0.57,60.97,49.6,4,1,10,27,23,15,-3.0,83,5.0,0.883240033,0.116759967,0,0,1
0,0.57,77.72,82.19,2,2,5,42,10,7,1.0,68,6.0,0.495073833,0.504926167,0,0,1
0,0.57,90.52,146.97,4,3,5,32,2,24,15.0,42,5.0,0.001770562,0.998229438,0,0,1
0,0.57,108.32,166.02,3,2,1,46,17,7,6.0,64,6.0,0.946373641,0.053626359,0,0,1
0,0.57,125.1,160.26,4,2,7,21,28,27,4.0,31,6.0,0.359554585,0.640445415,0,0,1
0,0.57,129.46,182.49,1,1,10,38,0,0,12.0,48,6.0,0.334480815,0.665519185,0,0,1
0,0.57,230.73,208.76,4,3,1,45,15,9,2.0,65,7.0,0.907690009,0.092309991,0,0,1
0,0.57,237.15,231.12,2,3,3,22,6,14,4.0,88,6.0,0.118943373,0.881056627,0,0,1
0,0.57,249.92,246.51,2,3,3,22,6,14,4.0,88,6.0,0.118943373,0.881056627,0,0,1
0,0.57,359.5,343.95,2,2,5,42,10,7,1.0,68,6.0,0.495073833,0.504926167,0,0,0
0,0.58,34.94,21.83,4,3,9,32,24,20,12.0,78,6.0,0.690304995,0.309695005,0,0,1
0,0.58,93.6,48.8,3,3,1,35,17,0,-1.0,75,7.0,0.92713451,0.07286549,0,0,1
0,0.58,120.44,169.77,1,1,10,38,0,0,12.0,48,6.0,0.334480815,0.665519185,0,0,1
0,0.58,128.38,167.52,3,2,1,46,17,7,6.0,64,6.0,0.946373641,0.053626359,0,0,1
0,0.58,182.69,198.55,2,2,2,33,14,14,1.0,77,7.0,0.401239563,0.598760437,0,0,1
0,0.58,191.5,196.21,4,3,7,23,23,20,17.0,87,2.0,0.974164491,0.025835509,0,1,1
0,0.58,233.36,215.27,2,2,2,33,14,14,1.0,77,7.0,0.401239563,0.598760437,0,0,1
0,0.58,237.15,231.54,2,3,3,22,6,14,4.0,88,6.0,0.118943373,0.881056627,0,0,1
0,0.58,321.7,285.53,1,2,13,46,0,7,15.0,56,6.0,0.142386781,0.857613219,0,0,1
0,0.59,21.33,58.73,2,2,5,42,10,7,1.0,68,6.0,0.495073833,0.504926167,0,0,1
0,0.59,39.97,7.33,2,2,5,42,10,7,1.0,68,6.0,0.495073833,0.504926167,0,0,1
0,0.59,53.68,4.55,3,3,4,36,10,16,3.0,46,4.0,0.277480852,0.722519148,0,0,1
0,0.59,64.34,81.08,2,2,5,42,10,7,1.0,68,6.0,0.495073833,0.504926167,0,0,1
0,0.59,87.07,149.19,4,3,5,32,2,24,15.0,42,5.0,0.001770562,0.998229438,0,0,1
0,0.59,109.69,164.17,3,2,1,46,17,7,6.0,64,6.0,0.946373641,0.053626359,0,0,1
0,0.59,120.12,152.02,3,1,10,39,14,24,6.0,71,5.0,0.162631068,0.837368932,0,0,1
0,0.59,158.81,142.32,3,3,16,7,21,0,-1.0,103,6.0,0.990742779,0.009257221,0,0,1
0,0.59,186.4,206.03,4,2,7,21,28,27,4.0,31,6.0,0.359554585,0.640445415,0,0,1
0,0.59,196.66,177.84,3,3,16,7,21,0,-1.0,103,6.0,0.990742779,0.009257221,0,0,1
0,0.59,207.8,245.64,1,3,5,30,0,0,-3.0,80,6.0,0.558474023,0.441525977,0,0,1
0,0.59,214.1,197.77,1,3,5,30,0,0,-3.0,80,6.0,0.558474023,0.441525977,0,0,1
0,0.59,305.71,291.38,1,2,13,46,0,7,15.0,56,6.0,0.142386781,0.857613219,0,0,1
0,0.59,310.92,294.17,4,3,9,32,24,20,12.0,78,6.0,0.690304995,0.309695005,0,0,0
0,0.59,354.49,341.47,2,2,5,42,10,7,1.0,68,6.0,0.495073833,0.504926167,0,0,0
0,0.6,65.53,52.91,4,1,10,27,23,15,-3.0,83,5.0,0.883240033,0.116759967,0,0,1
0,0.6,119.49,163.33,3,2,1,46,17,7,6.0,64,6.0,0.946373641,0.053626359,0,0,1
0,0.6,122.55,165.67,3,2,1,46,17,7,6.0,64,6.0,0.946373641,0.053626359,0,0,1
0,0.6,188.9,202.33,2,2,2,33,14,14,1.0,77,7.0,0.401239563,0.598760437,0,0,1
0,0.6,237.15,232.83,2,3,3,22,6,14,4.0,88,6.0,0.118943373,0.881056627,0,0,1
0,0.6,246.11,244.0,2,3,3,22,6,14,4.0,88,6.0,0.118943373,0.881056627,0,0,1
0,0.6,259.85,251.05,2,3,3,22,6,14,4.0,88,6.0,0.118943373,0.881056627,0,0,1
0,0.6,298.62,318.84,4,1,10,11,22,10,-5.0,99,6.0,0.967346075,0.032653925,0,0,1
0,0.6,303.14,319.85,4,1,10,11,22,10,-5.0,99,6.0,0.967346075,0.032653925,0,0,1
0,0.6,345.26,339.66,2,2,5,42,10,7,1.0,68,6.0,0.495073833,0.504926167,0,0,0
0,0.61,27.99,0.63,2,2,5,42,10,7,1.0,68,6.0,0.495073833,0.504926167,0,0,1
0,0.61,28.45,10.73,2,3,3,22,6,14,4.0,88,6.0,0.118943373,0.881056627,0,0,0
0,0.61,50.44,76.5,2,2,5,42,10,7,1.0,68,6.0,0.495073833,0.504926167,0,0,1
0,0.61,51.44,352.98,3,3,4,36,10,16,3.0,46,4.0,0.277480852,0.722519148,0,0,1
0,0.61,64.05,56.48,4,1,10,27,23,15,-3.0,83,5.0,0.883240033,0.116759967,0,0,1
0,0.61,93.6,44.65,3,3,1,35,17,0,-1.0,75,7.0,0.92713451,0.07286549,0,0,1
0,0.61,111.62,162.19,3,2,1,46,17,7,6.0,64,6.0,0.946373641,0.053626359,0,0,1
0,0.61,115.86,163.01,3,2,1,46,17,7,6.0,64,6.0,0.946373641,0.053626359,0,0,1
0,0.61,129.98,165.94,1,1,10,38,0,0,12.0,48,6.0,0.334480815,0.665519185,0,0,1
0,0.61,211.6,195.72,1,3,5,30,0,0,-3.0,80,6.0,0.558474023,0.441525977,0,0,1
0,0.61,218.54,199.51,4,3,7,23,23,20,17.0,87,2.0,0.974164491,0.025835509,0,1,1
0,0.61,231.26,217.5,2,2,2,33,14,14,1.0,77,7.0,0.401239563,0.598760437,0,0,1
0,0.61,232.18,216.31,2,2,2,33,14,14,1.0,77,7.0,0.401239563,0.598760437,0,0,1
0,0.61,237.15,232.78,2,3,3,22,6,14,4.0,88,6.0,0.118943373,0.881056627,0,0,1
0,0.61,240.26,236.61,2,3,3,22,6,14,4.0,88,6.0,0.118943373,0.881056627,0,0,1
0,0.61,243.62,238.95,2,3,3,22,6,14,4.0,88,6.0,0.118943373,0.881056627,0,0,1
0,0.61,246.11,248.65,2,3,3,22,6,14,4.0,88,6.0,0.118943373,0.881056627,0,0,1
0,0.61,312.4,288.55,1,2,13,46,0,7,15.0,56,6.0,0.142386781,0.857613219,0,0,1
0,0.61,355.87,316.53,4,1,10,11,22,10,-5.0,99,6.0,0.967346075,0.032653925,0,0,1
0,0.62,32.73,65.96,2,2,5,42,10,7,1.0,68,6.0,0.495073833,0.504926167,0,0,1
0,0.62,38.97,69.92,2,2,5,42,10,7,1.0,68,6.0,0.495073833,0.504926167,0,0,1
0,0.62,62.07,58.41,4,1,10,27,23,15,-3.0,83,5.0,0.883240033,0.116759967,0,0,1
0,0.62,88.97,152.08,4,3,5,32,2,24,15.0,42,5.0,0.001770562,0.998229438,0,0,1
0,0.62,112.9,162.23,3,2,1,46,17,7,6.0,64,6.0,0.946373641,0.053626359,0,0,1
0,0.62,122.28,151.07,3,1,10,39,14,24,6.0,71,5.0,0.162631068,0.837368932,0,0,1
0,0.62,138.01,160.07,4,2,7,21,28,27,4.0,31,6.0,0.359554585,0.640445415,0,0,1
0,0.62,187.4,204.26,4,2,7,21,28,27,4.0,31,6.0,0.359554585,0.640445415,0,0,1
0,0.62,188.81,190.5,4,3,7,23,23,20,17.0,87,2.0,0.974164491,0.025835509,0,1,1
0,0.62,218.78,203.58,4,3,1,45,15,9,2.0,65,7.0,0.907690009,0.092309991,0,0,1
0,0.62,221.63,194.85,1,3,5,30,0,0,-3.0,80,6.0,0.558474023,0.441525977,0,0,1
0,0.62,222.93,195.18,1,3,5,30,0,0,-3.0,80,6.0,0.558474023,0.441525977,0,0,1
0,0.62,246.11,251.6,2,3,3,22,6,14,4.0,88,6.0,0.118943373,0.881056627,0,0,1
0,0.62,271.37,283.63,4,3,9,32,24,20,12.0,78,6.0,0.690304995,0.309695005,0,0,0
0,0.62,284.1,286.84,4,3,9,32,24,20,12.0,78,6.0,0.690304995,0.309695005,0,0,0
0,0.62,302.68,289.58,4,3,9,32,24,20,12.0,78,6.0,0.690304995,0.309695005,0,0,0
0,0.62,308.18,291.26,1,2,13,46,0,7,15.0,56,6.0,0.142386781,0.857613219,0,0,1
0,0.62,312.4,289.25,1,2,13,46,0,7,15.0,56,6.0,0.142386781,0.857613219,0,0,1
0,0.62,349.28,337.3,2,2,5,42,10,7,1.0,68,6.0,0.495073833,0.504926167,0,0,0
0,0.63,17.28,354.83,2,2,5,42,10,7,1.0,68,6.0,0.495073833,0.504926167,0,0,1
0,0.63,39.1,54.03,4,1,10,27,23,15,-3.0,83,5.0,0.883240033,0.116759967,0,0,1
0,0.63,40.77,55.31,4,1,10,27,23,15,-3.0,83,5.0,0.883240033,0.116759967,0,0,1
0,0.63,47.52,56.65,4,1,10,27,23,15,-3.0,83,5.0,0.883240033,0.116759967,0,0,1
0,0.63,47.98,357.29,3,3,4,36,10,16,3.0,46,4.0,0.277480852,0.722519148,0,0,1
0,0.63,49.46,359.35,3,3,4,36,10,16,3.0,46,4.0,0.277480852,0.722519148,0,0,1
0,0.63,59.3,59.5,4,1,10,27,23,15,-3.0,83,5.0,0.883240033,0.116759967,0,0,1
0,0.63,158.81,141.1,3,3,16,7,21,0,-1.0,103,6.0,0.990742779,0.009257221,0,0,1
0,0.63,196.51,206.29,2,2,2,33,14,14,1.0,77,7.0,0.401239563,0.598760437,0,0,1
0,0.63,207.8,244.0,1,3,5,30,0,0,-3.0,80,6.0,0.558474023,0.441525977,0,0,1
0,0.63,213.12,197.56,4,3,7,23,23,20,17.0,87,2.0,0.974164491,0.025835509,0,1,1
0,0.63,260.64,256.71,2,3,3,22,6,14,4.0,88,6.0,0.118943373,0.881056627,0,0,1
0,0.63,275.08,284.22,4,3,9,32,24,20,12.0,78,6.0,0.690304995,0.309695005,0,0,0
0,0.63,277.88,285.39,4,3,9,32,24,20,12.0,78,6.0,0.690304995,0.309695005,0,0,0
0,0.63,343.16,330.72,2,2,5,42,10,7,1.0,68,6.0,0.495073833,0.504926167,0,0,0
0,0.63,344.03,336.04,2,2,5,42,10,7,1.0,68,6.0,0.495073833,0.504926167,0,0,0
0,0.64,14.8,349.89,2,2,5,42,10,7,1.0,68,6.0,0.495073833,0.504926167,0,0,1
0,0.64,33.98,44.32,1,2,14,40,7,0,-3.0,50,5.0,0.671460185,0.328539815,0,0,1
0,0.64,34.67,37.21,1,2,14,40,7,0,-3.0,50,5.0,0.671460185,0.328539815,0,0,1
0,0.64,55.24,57.75,4,1,10,27,23,15,-3.0,83,5.0,0.883240033,0.116759967,0,0,1
0,0.64,87.35,40.42,3,3,1,35,17,0,-1.0,75,7.0,0.92713451,0.07286549,0,0,1
0,0.64,132.28,163.36,1,1,10,38,0,0,12.0,48,6.0,0.334480815,0.665519185,0,0,1
0,0.64,159.61,139.97,3,3,16,7,21,0,-1.0,103,6.0,0.990742779,0.009257221,0,0,1
0,0.64,168.54,175.42,3,1,10,39,14,24,6.0,71,5.0,0.162631068,0.837368932,0,0,1
0,0.64,191.84,174.25,3,3,16,7,21,0,-1.0,103,6.0,0.990742779,0.009257221,0,0,1
0,0.64,204.73,195.27,4,3,7,23,23,20,17.0,87,2.0,0.974164491,0.025835509,0,1,1
0,0.64,211.56,195.85,1,3,5,30,0,0,-3.0,80,6.0,0.558474023,0.441525977,0,0,1
0,0.64,258.34,258.4,2,3,3,22,6,14,4.0,88,6.0,0.118943373,0.881056627,0,0,1
0,0.65,81.42,36.37,3,3,1,35,17,0,-1.0,75,7.0,0.92713451,0.07286549,0,0,1
0,0.65,135.81,162.41,1,1,10,38,0,0,12.0,48,6.0,0.334480815,0.665519185,0,0,1
0,0.65,142.55,173.16,1,1,10,38,0,0,12.0,48,6.0,0.334480815,0.665519185,0,0,1
0,0.65,143.88,161.0,4,2,7,21,28,27,4.0,31,6.0,0.359554585,0.640445415,0,0,1
0,0.65,159.61,139.5,3,3,16,7,21,0,-1.0,103,6.0,0.990742779,0.009257221,0,0,1
0,0.65,187.93,189.63,4,3,7,23,23,20,17.0,87,2.0,0.974164491,0.025835509,0,1,1
0,0.65,189.78,190.37,4,3,7,23,23,20,17.0,87,2.0,0.974164491,0.025835509,0,1,1
0,0.65,191.22,190.96,4,3,7,23,23,20,17.0,87,2.0,0.974164491,0.025835509,0,1,1
0,0.65,197.48,192.75,4,3,7,23,23,20,17.0,87,2.0,0.974164491,0.025835509,0,1,1
0,0.65,205.62,209.64,2,2,2,33,14,14,1.0,77,7.0,0.401239563,0.598760437,0,0,1
0,0.65,212.68,200.5,4,3,1,45,15,9,2.0,65,7.0,0.907690009,0.092309991,0,0,1
0,0.65,213.24,197.36,1,3,5,30,0,0,-3.0,80,6.0,0.558474023,0.441525977,0,0,1
0,0.65,216.31,196.36,1,3,5,30,0,0,-3.0,80,6.0,0.558474023,0.441525977,0,0,1
0,0.65,249.01,257.76,2,3,3,22,6,14,4.0,88,6.0,0.118943373,0.881056627,0,0,1
0,0.65,251.35,258.15,2,3,3,22,6,14,4.0,88,6.0,0.118943373,0.881056627,0,0,1
0,0.65,255.28,258.97,2,3,3,22,6,14,4.0,88,6.0,0.118943373,0.881056627,0,0,1
0,0.65,267.51,317.94,4,1,10,11,22,10,-5.0,99,6.0,0.967346075,0.032653925,0,0,1
0,0.65,338.44,335.25,2,2,5,42,10,7,1.0,68,6.0,0.495073833,0.504926167,0,0,0
0,0.65,352.66,317.6,4,1,10,11,22,10,-5.0,99,6.0,0.967346075,0.032653925,0,0,1
0,0.66,33.46,38.34,1,2,14,40,7,0,-3.0,50,5.0,0.671460185,0.328539815,0,0,1
0,0.66,38.3,42.31,1,2,14,40,7,0,-3.0,50,5.0,0.671460185,0.328539815,0,0,1
0,0.66,123.95,150.37,3,1,10,39,14,24,6.0,71,5.0,0.162631068,0.837368932,0,0,1
0,0.66,203.64,199.06,1,3,5,30,0,0,-3.0,80,6.0,0.558474023,0.441525977,0,0,1
0,0.66,206.75,200.35,1,3,5,30,0,0,-3.0,80,6.0,0.558474023,0.441525977,0,0,1
0,0.66,209.04,197.8,1,3,5,30,0,0,-3.0,80,6.0,0.558474023,0.441525977,0,0,1
0,0.66,215.12,201.68,1,3,5,30,0,0,-3.0,80,6.0,0.558474023,0.441525977,0,0,1
0,0.66,228.53,218.68,2,2,2,33,14,14,1.0,77,7.0,0.401239563,0.598760437,0,0,1
0,0.66,253.93,317.1,4,1,10,11,22,10,-5.0,99,6.0,0.967346075,0.032653925,0,0,1
0,0.66,337.01,330.31,2,2,5,42,10,7,1.0,68,6.0,0.495073833,0.504926167,0,0,0
0,0.67,17.69,9.99,2,3,3,22,6,14,4.0,88,6.0,0.118943373,0.881056627,0,0,0
0,0.67,159.61,139.62,3,3,16,7,21,0,-1.0,103,6.0,0.990742779,0.009257221,0,0,1
0,0.67,164.03,178.76,4,3,1,45,15,9,2.0,65,7.0,0.907690009,0.092309991,0,0,1
0,0.67,166.09,173.07,3,1,10,39,14,24,6.0,71,5.0,0.162631068,0.837368932,0,0,1
0,0.67,204.06,196.77,4,3,1,45,15,9,2.0,65,7.0,0.907690009,0.092309991,0,0,1
0,0.67,208.57,206.76,1,3,5,30,0,0,-3.0,80,6.0,0.558474023,0.441525977,0,0,1
0,0.67,209.46,204.87,1,3,5,30,0,0,-3.0,80,6.0,0.558474023,0.441525977,0,0,1
0,0.67,332.81,334.04,2,2,5,42,10,7,1.0,68,6.0,0.495073833,0.504926167,0,0,0
0,0.67,339.07,332.45,2,2,5,42,10,7,1.0,68,6.0,0.495073833,0.504926167,0,0,0
0,0.67,358.65,2.76,2,3,3,22,6,14,4.0,88,6.0,0.118943373,0.881056627,0,0,0
0,0.68,32.8,39.45,1,2,14,40,7,0,-3.0,50,5.0,0.671460185,0.328539815,0,0,1
0,0.68,123.95,150.06,3,1,10,39,14,24,6.0,71,5.0,0.162631068,0.837368932,0,0,1
0,0.68,150.49,161.97,4,2,7,21,28,27,4.0,31,6.0,0.359554585,0.640445415,0,0,1
0,0.68,185.11,171.85,3,3,16,7,21,0,-1.0,103,6.0,0.990742779,0.009257221,0,0,1
0,0.68,213.04,212.87,2,2,2,33,14,14,1.0,77,7.0,0.401239563,0.598760437,0,0,1
0,0.68,213.13,208.55,1,3,5,30,0,0,-3.0,80,6.0,0.558474023,0.441525977,0,0,1
0,0.68,216.29,210.22,1,3,5,30,0,0,-3.0,80,6.0,0.558474023,0.441525977,0,0,1
0,0.68,217.31,242.13,1,3,5,30,0,0,-3.0,80,6.0,0.558474023,0.441525977,0,0,1
0,0.68,332.37,330.42,2,2,5,42,10,7,1.0,68,6.0,0.495073833,0.504926167,0,0,0
0,0.68,340.72,331.55,2,2,5,42,10,7,1.0,68,6.0,0.495073833,0.504926167,0,0,0
0,0.69,2.76,5.06,2,3,3,22,6,14,4.0,88,6.0,0.118943373,0.881056627,0,0,0
0,0.69,15.13,8.94,2,3,3,22,6,14,4.0,88,6.0,0.118943373,0.881056627,0,0,0
0,0.69,34.74,40.62,1,2,14,40,7,0,-3.0,50,5.0,0.671460185,0.328539815,0,0,1
0,0.69,167.54,179.1,4,3,1,45,15,9,2.0,65,7.0,0.907690009,0.092309991,0,0,1
0,0.69,194.21,177.42,1,3,5,30,0,0,-3.0,80,6.0,0.558474023,0.441525977,0,0,0
0,0.69,194.39,193.29,4,3,1,45,15,9,2.0,65,7.0,0.907690009,0.092309991,0,0,1
0,0.69,221.27,212.22,1,3,5,30,0,0,-3.0,80,6.0,0.558474023,0.441525977,0,0,1
0,0.69,261.57,317.13,4,1,10,11,22,10,-5.0,99,6.0,0.967346075,0.032653925,0,0,1
0,0.69,333.19,330.5,2,2,5,42,10,7,1.0,68,6.0,0.495073833,0.504926167,0,0,0
0,0.69,338.52,330.66,2,2,5,42,10,7,1.0,68,6.0,0.495073833,0.504926167,0,0,0
0,0.69,339.86,330.87,2,2,5,42,10,7,1.0,68,6.0,0.495073833,0.504926167,0,0,0
0,0.7,8.97,6.72,2,3,3,22,6,14,4.0,88,6.0,0.118943373,0.881056627,0,0,0
0,0.7,146.77,165.44,1,1,10,38,0,0,12.0,48,6.0,0.334480815,0.665519185,0,0,1
0,0.7,150.49,163.25,4,2,7,21,28,27,4.0,31,6.0,0.359554585,0.640445415,0,0,1
0,0.7,155.24,140.78,3,3,16,7,21,0,-1.0,103,6.0,0.990742779,0.009257221,0,0,1
0,0.7,185.62,189.82,4,3,1,45,15,9,2.0,65,7.0,0.907690009,0.092309991,0,0,1
0,0.7,219.51,214.58,1,3,5,30,0,0,-3.0,80,6.0,0.558474023,0.441525977,0,0,1
0,0.7,263.0,316.48,4,1,10,11,22,10,-5.0,99,6.0,0.967346075,0.032653925,0,0,1
0,0.7,305.11,321.04,4,1,10,11,22,10,-5.0,99,6.0,0.967346075,0.032653925,0,0,1
0,0.71,126.11,150.04,3,1,10,39,14,24,6.0,71,5.0,0.162631068,0.837368932,0,0,1
0,0.71,150.82,141.13,3,3,16,7,21,0,-1.0,103,6.0,0.990742779,0.009257221,0,0,1
0,0.71,150.82,142.14,3,3,16,7,21,0,-1.0,103,6.0,0.990742779,0.009257221,0,0,1
0,0.71,168.63,170.51,3,1,10,39,14,24,6.0,71,5.0,0.162631068,0.837368932,0,0,1
0,0.71,177.84,196.22,4,2,7,21,28,27,4.0,31,6.0,0.359554585,0.640445415,0,0,1
0,0.71,183.32,169.98,3,3,16,7,21,0,-1.0,103,6.0,0.990742779,0.009257221,0,0,1
0,0.71,223.02,216.04,1,3,5,30,0,0,-3.0,80,6.0,0.558474023,0.441525977,0,0,1
0,0.71,315.86,320.65,4,1,10,11,22,10,-5.0,99,6.0,0.967346075,0.032653925,0,0,1
0,0.72,156.32,165.79,4,2,7,21,28,27,4.0,31,6.0,0.359554585,0.640445415,0,0,1
0,0.72,167.35,167.39,3,1,10,39,14,24,6.0,71,5.0,0.162631068,0.837368932,0,0,1
0,0.72,176.29,181.84,4,3,1,45,15,9,2.0,65,7.0,0.907690009,0.092309991,0,0,1
0,0.72,179.03,183.63,4,3,1,45,15,9,2.0,65,7.0,0.907690009,0.092309991,0,0,1
0,0.72,181.69,186.93,4,3,1,45,15,9,2.0,65,7.0,0.907690009,0.092309991,0,0,1
0,0.72,192.9,179.78,1,3,5,30,0,0,-3.0,80,6.0,0.558474023,0.441525977,0,0,0
0,0.72,224.64,217.19,1,3,5,30,0,0,-3.0,80,6.0,0.558474023,0.441525977,0,0,1
0,0.72,225.37,240.29,1,3,5,30,0,0,-3.0,80,6.0,0.558474023,0.441525977,0,0,1
0,0.72,311.48,319.95,4,1,10,11,22,10,-5.0,99,6.0,0.967346075,0.032653925,0,0,1
0,0.73,128.85,151.11,3,1,10,39,14,24,6.0,71,5.0,0.162631068,0.837368932,0,0,1
0,0.73,157.62,144.62,3,3,16,7,21,0,-1.0,103,6.0,0.990742779,0.009257221,0,0,1
0,0.73,159.94,147.25,3,3,16,7,21,0,-1.0,103,6.0,0.990742779,0.009257221,0,0,1
0,0.73,165.26,164.02,3,1,10,39,14,24,6.0,71,5.0,0.162631068,0.837368932,0,0,1
0,0.73,172.77,194.02,4,2,7,21,28,27,4.0,31,6.0,0.359554585,0.640445415,0,0,1
0,0.73,192.21,181.5,1,3,5,30,0,0,-3.0,80,6.0,0.558474023,0.441525977,0,0,0
0,0.73,225.2,220.03,2,2,2,33,14,14,1.0,77,7.0,0.401239563,0.598760437,0,0,1
0,0.73,233.81,237.69,1,3,5,30,0,0,-3.0,80,6.0,0.558474023,0.441525977,0,0,0
0,0.73,313.92,318.47,4,1,10,11,22,10,-5.0,99,6.0,0.967346075,0.032653925,0,0,1
0,0.74,159.49,161.11,3,1,10,39,14,24,6.0,71,5.0,0.162631068,0.837368932,0,0,1
0,0.74,159.78,168.12,4,2,7,21,28,27,4.0,31,6.0,0.359554585,0.640445415,0,0,1
0,0.74,160.49,152.51,3,3,16,7,21,0,-1.0,103,6.0,0.990742779,0.009257221,0,0,1
0,0.74,161.21,150.49,3,3,16,7,21,0,-1.0,103,6.0,0.990742779,0.009257221,0,0,1
0,0.74,161.47,153.95,3,3,16,7,21,0,-1.0,103,6.0,0.990742779,0.009257221,0,0,1
0,0.74,179.04,168.53,3,3,16,7,21,0,-1.0,103,6.0,0.990742779,0.009257221,0,0,1
0,0.74,335.3,318.46,4,1,10,11,22,10,-5.0,99,6.0,0.967346075,0.032653925,0,0,1
0,0.75,133.74,153.31,3,1,10,39,14,24,6.0,71,5.0,0.162631068,0.837368932,0,0,1
0,0.75,151.01,158.66,3,1,10,39,14,24,6.0,71,5.0,0.162631068,0.837368932,0,0,1
0,0.75,163.45,155.65,3,3,16,7,21,0,-1.0,103,6.0,0.990742779,0.009257221,0,0,1
0,0.75,166.68,158.03,3,3,16,7,21,0,-1.0,103,6.0,0.990742779,0.009257221,0,0,1
0,0.75,166.9,191.32,4,2,7,21,28,27,4.0,31,6.0,0.359554585,0.640445415,0,0,1
0,0.75,177.56,167.42,3,3,16,7,21,0,-1.0,103,6.0,0.990742779,0.009257221,0,0,1
0,0.75,194.77,183.27,1,3,5,30,0,0,-3.0,80,6.0,0.558474023,0.441525977,0,0,0
0,0.75,220.21,219.21,2,2,2,33,14,14,1.0,77,7.0,0.401239563,0.598760437,0,0,1
0,0.75,230.99,219.46,1,3,5,30,0,0,-3.0,80,6.0,0.558474023,0.441525977,0,0,1
0,0.75,230.99,220.52,1,3,5,30,0,0,-3.0,80,6.0,0.558474023,0.441525977,0,0,1
0,0.76,31.74,18.14,4,3,9,32,24,20,12.0,78,6.0,0.690304995,0.309695005,0,0,1
0,0.76,138.46,155.47,3,1,10,39,14,24,6.0,71,5.0,0.162631068,0.837368932,0,0,1
0,0.76,172.11,162.01,3,3,16,7,21,0,-1.0,103,6.0,0.990742779,0.009257221,0,0,1
0,0.76,172.95,164.03,3,3,16,7,21,0,-1.0,103,6.0,0.990742779,0.009257221,0,0,1
0,0.76,173.55,165.98,3,3,16,7,21,0,-1.0,103,6.0,0.990742779,0.009257221,0,0,1
0,0.76,244.04,238.41,1,3,5,30,0,0,-3.0,80,6.0,0.558474023,0.441525977,0,0,1
0,0.77,156.7,188.77,4,2,7,21,28,27,4.0,31,6.0,0.359554585,0.640445415,0,0,1
0,0.77,196.13,184.77,1,3,5,30,0,0,-3.0,80,6.0,0.558474023,0.441525977,0,0,0
0,0.77,219.54,219.66,2,2,2,33,14,14,1.0,77,7.0,0.401239563,0.598760437,0,0,1
0,0.77,221.75,220.69,2,2,2,33,14,14,1.0,77,7.0,0.401239563,0.598760437,0,0,1
0,0.77,239.53,222.71,1,3,5,30,0,0,-3.0,80,6.0,0.558474023,0.441525977,0,0,1
0,0.77,242.17,221.57,1,3,5,30,0,0,-3.0,80,6.0,0.558474023,0.441525977,0,0,1
0,0.78,151.03,186.19,4,2,7,21,28,27,4.0,31,6.0,0.359554585,0.640445415,0,0,1
0,0.78,193.4,186.96,1,3,5,30,0,0,-3.0,80,6.0,0.558474023,0.441525977,0,0,0
0,0.78,220.49,220.14,2,2,2,33,14,14,1.0,77,7.0,0.401239563,0.598760437,0,0,1
0,0.78,231.28,237.42,1,3,5,30,0,0,-3.0,80,6.0,0.558474023,0.441525977,0,0,0
0,0.79,30.92,13.89,4,3,9,32,24,20,12.0,78,6.0,0.690304995,0.309695005,0,0,1
0,0.79,145.82,182.83,4,2,7,21,28,27,4.0,31,6.0,0.359554585,0.640445415,0,0,1
0,0.79,186.86,188.97,1,3,5,30,0,0,-3.0,80,6.0,0.558474023,0.441525977,0,0,0
0,0.79,228.55,226.47,1,3,5,30,0,0,-3.0,80,6.0,0.558474023,0.441525977,0,0,1
0,0.79,234.86,224.82,1,3,5,30,0,0,-3.0,80,6.0,0.558474023,0.441525977,0,0,1
0,0.8,29.95,15.57,4,3,9,32,24,20,12.0,78,6.0,0.690304995,0.309695005,0,0,1
0,0.8,29.95,18.18,4,3,9,32,24,20,12.0,78,6.0,0.690304995,0.309695005,0,0,1
0,0.8,147.81,179.36,4,2,7,21,28,27,4.0,31,6.0,0.359554585,0.640445415,0,0,1
0,0.8,226.14,227.93,1,3,5,30,0,0,-3.0,80,6.0,0.558474023,0.441525977,0,0,1
0,0.8,244.01,234.9,1,3,5,30,0,0,-3.0,80,6.0,0.558474023,0.441525977,0,0,1
0,0.81,29.95,16.79,4,3,9,32,24,20,12.0,78,6.0,0.690304995,0.309695005,0,0,1
0,0.81,224.79,229.49,1,3,5,30,0,0,-3.0,80,6.0,0.558474023,0.441525977,0,0,1
0,0.81,232.11,237.01,1,3,5,30,0,0,-3.0,80,6.0,0.558474023,0.441525977,0,0,0
0,0.82,185.79,193.6,1,3,5,30,0,0,-3.0,80,6.0,0.558474023,0.441525977,0,0,0
0,0.82,189.01,191.74,1,3,5,30,0,0,-3.0,80,6.0,0.558474023,0.441525977,0,0,0
0,0.83,187.41,198.85,1,3,5,30,0,0,-3.0,80,6.0,0.558474023,0.441525977,0,0,0
0,0.84,196.2,203.15,1,3,5,30,0,0,-3.0,80,6.0,0.558474023,0.441525977,0,0,0
0,0.84,224.79,231.61,1,3,5,30,0,0,-3.0,80,6.0,0.558474023,0.441525977,0,0,1
0,0.84,233.9,236.2,1,3,5,30,0,0,-3.0,80,6.0,0.558474023,0.441525977,0,0,0
0,0.86,201.13,204.36,1,3,5,30,0,0,-3.0,80,6.0,0.558474023,0.441525977,0,0,0
0,0.87,208.38,206.73,1,3,5,30,0,0,-3.0,80,6.0,0.558474023,0.441525977,0,0,0
0,0.9,206.12,211.46,1,3,5,30,0,0,-3.0,80,6.0,0.558474023,0.441525977,0,0,0
0,0.9,210.84,213.35,1,3,5,30,0,0,-3.0,80,6.0,0.558474023,0.441525977,0,0,0
0,0.9,241.76,234.5,1,3,5,30,0,0,-3.0,80,6.0,0.558474023,0.441525977,0,0,0
0,0.91,217.69,215.84,1,3,5,30,0,0,-3.0,80,6.0,0.558474023,0.441525977,0,0,0
0,0.92,219.59,218.52,1,3,5,30,0,0,-3.0,80,6.0,0.558474023,0.441525977,0,0,0
0,0.92,240.33,232.15,1,3,5,30,0,0,-3.0,80,6.0,0.558474023,0.441525977,0,0,0
0,0.94,223.46,221.28,1,3,5,30,0,0,-3.0,80,6.0,0.558474023,0.441525977,0,0,0
0,0.94,235.96,227.02,1,3,5,30,0,0,-3.0,80,6.0,0.558474023,0.441525977,0,0,0
0,0.94,238.81,229.56,1,3,5,30,0,0,-3.0,80,6.0,0.558474023,0.441525977,0,0,0
0,0.95,230.19,224.36,1,3,5,30,0,0,-3.0,80,6.0,0.558474023,0.441525977,0,0,0
1,0.02,133.02,318.18,2,2,6,30,10,0,-4.0,80,6.0,0.865469567,0.134530433,0,0,1
1,0.03,123.85,67.1,3,3,11,48,14,24,-3.0,62,3.0,0.26198497,0.73801503,0,0,0
1,0.03,171.47,96.43,2,2,6,40,3,7,9.0,50,6.0,0.220585827,0.779414173,0,0,1
1,0.03,327.58,118.77,3,3,11,17,13,0,-2.0,27,6.0,0.957983912,0.042016088,0,0,1
1,0.04,119.88,56.93,3,3,11,48,14,24,-3.0,62,3.0,0.26198497,0.73801503,0,0,0
1,0.05,42.84,10.38,3,3,11,17,13,0,-2.0,27,6.0,0.957983912,0.042016088,0,0,1
1,0.05,87.24,117.89,3,3,11,48,14,24,-3.0,62,3.0,0.26198497,0.73801503,0,0,0
1,0.05,98.25,152.2,3,3,11,48,14,24,-3.0,62,3.0,0.26198497,0.73801503,0,0,0
1,0.05,114.34,54.07,3,3,11,48,14,24,-3.0,62,3.0,0.26198497,0.73801503,0,0,0
1,0.05,172.37,41.35,2,2,6,40,3,7,9.0,50,6.0,0.220585827,0.779414173,0,0,1
1,0.06,43.23,192.68,3,2,11,46,6,6,12.0,64,6.0,0.771190209,0.228809791,0,0,1
1,0.06,78.27,99.66,3,3,11,48,14,24,-3.0,62,3.0,0.26198497,0.73801503,0,0,0
1,0.06,107.25,194.89,3,3,11,48,14,24,-3.0,62,3.0,0.26198497,0.73801503,0,0,0
1,0.06,109.56,51.94,3,3,11,48,14,24,-3.0,62,3.0,0.26198497,0.73801503,0,0,0
1,0.07,36.92,314.83,3,3,11,48,14,24,-3.0,62,3.0,0.26198497,0.73801503,0,0,1
1,0.07,113.72,210.14,3,3,11,48,14,24,-3.0,62,3.0,0.26198497,0.73801503,0,0,0
1,0.07,115.2,73.56,2,2,6,30,10,0,-4.0,80,6.0,0.865469567,0.134530433,0,0,1
1,0.07,308.27,229.63,3,3,11,17,13,0,-2.0,27,6.0,0.957983912,0.042016088,0,0,1
1,0.08,45.1,32.87,3,3,11,17,13,0,-2.0,27,6.0,0.957983912,0.042016088,0,0,1
1,0.08,74.19,93.39,3,3,11,48,14,24,-3.0,62,3.0,0.26198497,0.73801503,0,0,0
1,0.08,96.74,49.3,3,3,11,48,14,24,-3.0,62,3.0,0.26198497,0.73801503,0,0,0
1,0.08,148.33,195.86,3,3,11,48,14,24,-3.0,62,3.0,0.26198497,0.73801503,0,0,0
1,0.08,329.74,82.61,3,3,11,17,13,0,-2.0,27,6.0,0.957983912,0.042016088,0,0,1
1,0.09,37.75,207.66,3,2,11,46,6,6,12.0,64,6.0,0.771190209,0.228809791,0,0,1
1,0.09,46.04,304.64,3,3,11,48,14,24,-3.0,62,3.0,0.26198497,0.73801503,0,0,1
1,0.09,89.4,54.26,3,3,11,48,14,24,-3.0,62,3.0,0.26198497,0.73801503,0,0,0
1,0.09,103.79,82.35,2,2,6,30,10,0,-4.0,80,6.0,0.865469567,0.134530433,0,0,1
1,0.09,119.58,52.44,4,2,5,48,17,17,5.0,58,6.0,0.325515792,0.674484208,0,0,1
1,0.09,128.87,219.97,3,3,11,48,14,24,-3.0,62,3.0,0.26198497,0.73801503,0,0,0
1,0.09,135.03,218.92,3,3,11,48,14,24,-3.0,62,3.0,0.26198497,0.73801503,0,0,0
1,0.09,141.02,210.26,3,3,11,48,14,24,-3.0,62,3.0,0.26198497,0.73801503,0,0,0
1,0.09,328.29,37.25,3,3,11,48,14,24,-3.0,62,3.0,0.26198497,0.73801503,0,0,1
1,0.1,72.15,88.89,3,3,11,48,14,24,-3.0,62,3.0,0.26198497,0.73801503,0,0,0
1,0.1,83.42,58.81,3,3,11,48,14,24,-3.0,62,3.0,0.26198497,0.73801503,0,0,0
1,0.1,131.05,221.89,3,3,11,48,14,24,-3.0,62,3.0,0.26198497,0.73801503,0,0,0
1,0.1,326.53,69.81,3,3,11,17,13,0,-2.0,27,6.0,0.957983912,0.042016088,0,0,1
1,0.11,77.69,63.63,3,3,11,48,14,24,-3.0,62,3.0,0.26198497,0.73801503,0,0,0
1,0.11,114.03,91.32,4,3,12,36,17,17,7.0,74,6.0,0.345201179,0.654798821,0,0,0
1,0.11,121.25,89.33,4,3,12,36,17,17,7.0,74,6.0,0.345201179,0.654798821,0,0,0
1,0.11,125.7,315.95,1,2,10,22,0,0,-3.0,88,5.0,0.690476878,0.309523122,0,0,1
1,0.11,131.77,87.31,4,3,12,36,17,17,7.0,74,6.0,0.345201179,0.654798821,0,0,0
1,0.11,152.47,3.54,1,2,10,22,0,0,-3.0,88,5.0,0.690476878,0.309523122,0,0,1
1,0.11,277.11,238.23,3,3,11,17,13,0,-2.0,27,6.0,0.957983912,0.042016088,0,0,1
1,0.11,292.62,270.83,3,2,11,46,6,6,12.0,64,6.0,0.771190209,0.228809791,0,0,1
1,0.12,17.41,170.71,2,2,10,47,14,3,-2.0,63,7.0,0.7943867,0.2056133,0,0,1
1,0.12,23.91,155.99,2,2,10,47,14,3,-2.0,63,7.0,0.7943867,0.2056133,0,0,1
1,0.12,32.2,215.1,3,2,11,46,6,6,12.0,64,6.0,0.771190209,0.228809791,0,0,1
1,0.12,69.79,87.56,3,3,11,48,14,24,-3.0,62,3.0,0.26198497,0.73801503,0,0,0
1,0.12,73.27,70.01,3,3,11,48,14,24,-3.0,62,3.0,0.26198497,0.73801503,0,0,0
1,0.12,108.94,91.81,4,3,12,36,17,17,7.0,74,6.0,0.345201179,0.654798821,0,0,0
1,0.12,113.04,61.15,4,2,5,48,17,17,5.0,58,6.0,0.325515792,0.674484208,0,0,1
1,0.12,140.96,79.57,4,3,12,36,17,17,7.0,74,6.0,0.345201179,0.654798821,0,0,0
1,0.12,154.84,15.85,1,2,10,22,0,0,-3.0,88,5.0,0.690476878,0.309523122,0,0,1
1,0.12,194.39,192.06,3,1,10,41,10,7,-5.0,69,6.0,0.676971272,0.323028728,0,0,1
1,0.13,46.2,44.88,3,3,11,17,13,0,-2.0,27,6.0,0.957983912,0.042016088,0,0,1
1,0.13,67.58,86.64,3,3,11,48,14,24,-3.0,62,3.0,0.26198497,0.73801503,0,0,0
1,0.13,69.2,75.18,3,3,11,48,14,24,-3.0,62,3.0,0.26198497,0.73801503,0,0,0
1,0.13,73.17,92.38,2,2,6,30,10,0,-4.0,80,6.0,0.865469567,0.134530433,0,0,1
1,0.13,107.55,65.44,4,2,5,48,17,17,5.0,58,6.0,0.325515792,0.674484208,0,0,1
1,0.13,129.98,312.55,1,2,10,22,0,0,-3.0,88,5.0,0.690476878,0.309523122,0,0,1
1,0.13,148.31,69.63,4,3,12,36,17,17,7.0,74,6.0,0.345201179,0.654798821,0,0,0
1,0.13,172.65,10.66,2,2,6,40,3,7,9.0,50,6.0,0.220585827,0.779414173,0,0,1
1,0.14,22.26,222.07,3,2,11,46,6,6,12.0,64,6.0,0.771190209,0.228809791,0,0,1
1,0.14,67.58,79.15,3,3,11,48,14,24,-3.0,62,3.0,0.26198497,0.73801503,0,0,0
1,0.14,67.58,81.76,3,3,11,48,14,24,-3.0,62,3.0,0.26198497,0.73801503,0,0,0
1,0.14,67.58,84.34,3,3,11,48,14,24,-3.0,62,3.0,0.26198497,0.73801503,0,0,0
1,0.14,108.25,68.99,4,2,5,48,17,17,5.0,58,6.0,0.325515792,0.674484208,0,0,1
1,0.14,122.49,316.89,1,2,10,22,0,0,-3.0,88,5.0,0.690476878,0.309523122,0,0,1
1,0.14,151.42,32.51,1,2,10,22,0,0,-3.0,88,5.0,0.690476878,0.309523122,0,0,1
1,0.14,194.39,190.21,3,1,10,41,10,7,-5.0,69,6.0,0.676971272,0.323028728,0,0,1
1,0.14,273.93,243.82,3,3,11,17,13,0,-2.0,27,6.0,0.957983912,0.042016088,0,0,1
1,0.15,84.01,70.6,4,2,5,48,17,17,5.0,58,6.0,0.325515792,0.674484208,0,0,1
1,0.15,87.73,71.96,4,2,5,48,17,17,5.0,58,6.0,0.325515792,0.674484208,0,0,1
1,0.15,90.04,77.32,4,2,5,48,17,17,5.0,58,6.0,0.325515792,0.674484208,0,0,1
1,0.15,90.84,72.17,4,2,5,48,17,17,5.0,58,6.0,0.325515792,0.674484208,0,0,1
1,0.15,155.1,59.12,4,3,12,36,17,17,7.0,74,6.0,0.345201179,0.654798821,0,0,0
1,0.15,193.66,187.79,3,1,10,41,10,7,-5.0,69,6.0,0.676971272,0.323028728,0,0,1
1,0.15,227.25,344.15,2,3,4,47,3,7,13.0,57,6.0,0.430211209,0.569788791,0,0,1
1,0.15,240.8,187.86,3,3,11,17,13,0,-2.0,27,6.0,0.957983912,0.042016088,0,0,1
1,0.15,271.79,244.78,3,3,11,17,13,0,-2.0,27,6.0,0.957983912,0.042016088,0,0,1
1,0.15,325.2,63.88,3,3,11,17,13,0,-2.0,27,6.0,0.957983912,0.042016088,0,0,1
1,0.16,77.56,130.32,1,1,10,34,0,0,6.0,44,6.0,0.301500237,0.698499763,0,0,1
1,0.16,90.04,73.88,4,2,5,48,17,17,5.0,58,6.0,0.325515792,0.674484208,0,0,1
1,0.16,126.1,321.8,1,2,10,22,0,0,-3.0,88,5.0,0.690476878,0.309523122,0,0,1
1,0.16,127.48,324.6,1,2,10,22,0,0,-3.0,88,5.0,0.690476878,0.309523122,0,0,1
1,0.16,129.3,329.1,1,2,10,22,0,0,-3.0,88,5.0,0.690476878,0.309523122,0,0,1
1,0.16,132.73,188.74,4,3,12,36,17,17,7.0,74,6.0,0.345201179,0.654798821,0,0,1
1,0.16,170.72,11.07,2,2,6,40,3,7,9.0,50,6.0,0.220585827,0.779414173,0,0,1
1,0.16,239.6,167.58,3,3,11,17,13,0,-2.0,27,6.0,0.957983912,0.042016088,0,0,1
1,0.16,264.14,243.73,3,3,11,17,13,0,-2.0,27,6.0,0.957983912,0.042016088,0,0,1
1,0.17,14.31,225.56,3,2,11,46,6,6,12.0,64,6.0,0.771190209,0.228809791,0,0,1
1,0.17,54.04,50.16,3,3,11,17,13,0,-2.0,27,6.0,0.957983912,0.042016088,0,0,1
1,0.17,58.85,114.11,2,2,6,30,10,0,-4.0,80,6.0,0.865469567,0.134530433,0,0,1
1,0.17,152.89,46.61,4,2,5,48,17,17,5.0,58,6.0,0.325515792,0.674484208,0,0,1
1,0.17,243.92,200.55,3,3,11,17,13,0,-2.0,27,6.0,0.957983912,0.042016088,0,0,1
1,0.17,247.95,210.74,3,3,11,17,13,0,-2.0,27,6.0,0.957983912,0.042016088,0,0,1
1,0.17,250.01,310.45,4,3,12,36,17,17,7.0,74,6.0,0.345201179,0.654798821,0,0,1
1,0.17,251.87,238.96,3,3,11,17,13,0,-2.0,27,6.0,0.957983912,0.042016088,0,0,1
1,0.18,116.99,31.53,4,2,5,48,17,17,5.0,58,6.0,0.325515792,0.674484208,0,0,1
1,0.18,191.83,181.58,3,1,10,41,10,7,-5.0,69,6.0,0.676971272,0.323028728,0,0,1
1,0.18,213.26,349.99,2,3,4,47,3,7,13.0,57,6.0,0.430211209,0.569788791,0,0,1
1,0.18,237.7,150.07,3,3,11,17,13,0,-2.0,27,6.0,0.957983912,0.042016088,0,0,1
1,0.18,246.83,219.36,3,3,11,17,13,0,-2.0,27,6.0,0.957983912,0.042016088,0,0,1
1,0.18,246.83,227.87,3,3,11,17,13,0,-2.0,27,6.0,0.957983912,0.042016088,0,0,1
1,0.18,250.82,234.26,3,3,11,17,13,0,-2.0,27,6.0,0.957983912,0.042016088,0,0,1
1,0.18,280.18,103.77,3,3,11,17,13,0,-2.0,27,6.0,0.957983912,0.042016088,0,0,1
1,0.18,297.01,41.96,3,3,11,48,14,24,-3.0,62,3.0,0.26198497,0.73801503,0,0,1
1,0.18,307.64,90.96,3,3,11,17,13,0,-2.0,27,6.0,0.957983912,0.042016088,0,0,1
1,0.18,309.81,323.41,2,1,10,23,13,0,2.0,87,6.0,0.870787103,0.129212897,0,0,1
1,0.19,57.16,133.15,2,2,6,30,10,0,-4.0,80,6.0,0.865469567,0.134530433,0,0,1
1,0.19,59.48,121.87,2,2,6,30,10,0,-4.0,80,6.0,0.865469567,0.134530433,0,0,1
1,0.19,93.17,137.08,1,1,10,34,0,0,6.0,44,6.0,0.301500237,0.698499763,0,0,1
1,0.19,254.97,293.85,4,3,12,36,17,17,7.0,74,6.0,0.345201179,0.654798821,0,0,1
1,0.19,268.93,114.81,3,3,11,17,13,0,-2.0,27,6.0,0.957983912,0.042016088,0,0,1
1,0.19,306.29,307.61,2,1,10,23,13,0,2.0,87,6.0,0.870787103,0.129212897,0,0,1
1,0.19,312.73,347.23,2,1,10,23,13,0,2.0,87,6.0,0.870787103,0.129212897,0,0,1
1,0.2,131.78,334.5,1,2,10,22,0,0,-3.0,88,5.0,0.690476878,0.309523122,0,0,1
1,0.2,167.54,13.45,2,2,6,40,3,7,9.0,50,6.0,0.220585827,0.779414173,0,0,1
1,0.2,248.59,129.34,3,3,11,17,13,0,-2.0,27,6.0,0.957983912,0.042016088,0,0,1
1,0.21,5.42,227.65,3,2,11,46,6,6,12.0,64,6.0,0.771190209,0.228809791,0,0,1
1,0.21,150.59,9.89,4,2,5,48,17,17,5.0,58,6.0,0.325515792,0.674484208,0,0,1
1,0.21,205.43,178.5,3,1,10,41,10,7,-5.0,69,6.0,0.676971272,0.323028728,0,0,1
1,0.21,272.6,39.39,3,3,11,48,14,24,-3.0,62,3.0,0.26198497,0.73801503,0,0,1
1,0.21,351.82,207.22,2,2,10,47,14,3,-2.0,63,7.0,0.7943867,0.2056133,0,0,1
1,0.22,46.89,158.49,2,2,6,30,10,0,-4.0,80,6.0,0.865469567,0.134530433,0,0,1
1,0.22,105.57,143.69,1,1,10,34,0,0,6.0,44,6.0,0.301500237,0.698499763,0,0,1
1,0.22,183.33,355.68,2,3,4,47,3,7,13.0,57,6.0,0.430211209,0.569788791,0,0,1
1,0.22,249.86,280.41,4,3,12,36,17,17,7.0,74,6.0,0.345201179,0.654798821,0,0,1
1,0.22,255.82,182.88,3,1,10,41,10,7,-5.0,69,6.0,0.676971272,0.323028728,0,0,1
1,0.22,271.6,250.46,3,2,11,46,6,6,12.0,64,6.0,0.771190209,0.228809791,0,0,1
1,0.23,151.09,42.91,4,3,12,36,17,17,7.0,74,6.0,0.345201179,0.654798821,0,0,0
1,0.23,211.39,52.99,1,2,10,22,0,0,-3.0,88,5.0,0.690476878,0.309523122,0,0,1
1,0.23,268.82,216.39,2,2,10,47,14,3,-2.0,63,7.0,0.7943867,0.2056133,0,0,1
1,0.24,48.06,170.05,2,2,6,30,10,0,-4.0,80,6.0,0.865469567,0.134530433,0,0,1
1,0.24,160.48,18.11,2,2,6,40,3,7,9.0,50,6.0,0.220585827,0.779414173,0,0,1
1,0.24,329.31,184.14,3,1,10,41,10,7,-5.0,69,6.0,0.676971272,0.323028728,0,0,1
1,0.25,3.05,192.61,3,1,10,41,10,7,-5.0,69,6.0,0.676971272,0.323028728,0,0,1
1,0.25,115.04,149.16,1,1,10,34,0,0,6.0,44,6.0,0.301500237,0.698499763,0,0,1
1,0.25,125.36,222.44,1,1,10,33,0,0,4.0,43,7.0,0.518756542,0.481243458,0,0,1
1,0.25,129.54,167.67,1,2,8,45,0,3,12.0,55,6.0,0.525586449,0.474413551,0,0,1
1,0.25,246.28,180.95,4,3,8,22,24,13,15.0,32,5.0,0.93401104,0.06598896,0,0,1
1,0.25,311.43,299.58,2,1,10,23,13,0,2.0,87,6.0,0.870787103,0.129212897,0,0,1
1,0.25,348.87,186.53,3,1,10,41,10,7,-5.0,69,6.0,0.676971272,0.323028728,0,0,1
1,0.25,352.77,229.18,3,2,11,46,6,6,12.0,64,6.0,0.771190209,0.228809791,0,0,1
1,0.26,156.17,177.39,4,3,12,36,17,17,7.0,74,6.0,0.345201179,0.654798821,0,0,1
1,0.26,333.17,52.59,3,3,11,17,13,0,-2.0,27,6.0,0.957983912,0.042016088,0,0,1
1,0.27,129.62,359.07,2,3,4,47,3,7,13.0,57,6.0,0.430211209,0.569788791,0,0,1
1,0.27,146.07,36.37,4,3,12,36,17,17,7.0,74,6.0,0.345201179,0.654798821,0,0,0
1,0.27,235.16,259.49,4,3,12,36,17,17,7.0,74,6.0,0.345201179,0.654798821,0,0,1
1,0.27,248.22,56.94,1,2,10,22,0,0,-3.0,88,5.0,0.690476878,0.309523122,0,0,1
1,0.27,357.79,193.58,3,1,10,41,10,7,-5.0,69,6.0,0.676971272,0.323028728,0,0,1
1,0.28,126.92,6.56,4,1,10,20,9,16,3.0,30,5.0,0.075482633,0.924517367,0,0,1
1,0.28,142.91,159.95,1,1,10,34,0,0,6.0,44,6.0,0.301500237,0.698499763,0,0,1
1,0.28,282.66,341.85,1,2,10,22,0,0,-3.0,88,5.0,0.690476878,0.309523122,0,0,1
1,0.28,339.34,229.13,3,2,11,46,6,6,12.0,64,6.0,0.771190209,0.228809791,0,0,1
1,0.29,14.55,345.42,4,2,5,48,17,17,5.0,58,6.0,0.325515792,0.674484208,0,0,1
1,0.29,155.92,23.17,2,2,6,40,3,7,9.0,50,6.0,0.220585827,0.779414173,0,0,1
1,0.29,163.97,165.79,1,1,10,34,0,0,6.0,44,6.0,0.301500237,0.698499763,0,0,1
1,0.29,195.43,226.49,1,1,10,33,0,0,4.0,43,7.0,0.518756542,0.481243458,0,0,1
1,0.29,228.84,178.34,4,3,8,22,24,13,15.0,32,5.0,0.93401104,0.06598896,0,0,1
1,0.29,268.45,245.05,3,2,11,46,6,6,12.0,64,6.0,0.771190209,0.228809791,0,0,1
1,0.29,324.3,30.22,2,1,10,23,13,0,2.0,87,6.0,0.870787103,0.129212897,0,0,1
1,0.29,347.57,358.42,4,2,5,48,17,17,5.0,58,6.0,0.325515792,0.674484208,0,0,1
1,0.3,52.89,180.95,2,2,6,30,10,0,-4.0,80,6.0,0.865469567,0.134530433,0,0,1
1,0.3,139.4,167.5,1,2,8,45,0,3,12.0,55,6.0,0.525586449,0.474413551,0,0,1
1,0.3,216.82,227.35,1,1,10,33,0,0,4.0,43,7.0,0.518756542,0.481243458,0,0,1
1,0.3,344.94,347.19,4,2,5,48,17,17,5.0,58,6.0,0.325515792,0.674484208,0,0,1
1,0.31,140.4,31.37,4,3,12,36,17,17,7.0,74,6.0,0.345201179,0.654798821,0,0,0
1,0.31,153.54,173.53,4,3,12,36,17,17,7.0,74,6.0,0.345201179,0.654798821,0,0,1
1,0.31,187.14,170.42,1,1,10,34,0,0,6.0,44,6.0,0.301500237,0.698499763,0,0,1
1,0.31,237.8,250.08,4,3,12,36,17,17,7.0,74,6.0,0.345201179,0.654798821,0,0,1
1,0.31,305.03,352.24,1,2,10,22,0,0,-3.0,88,5.0,0.690476878,0.309523122,0,0,1
1,0.31,312.79,297.42,2,1,10,23,13,0,2.0,87,6.0,0.870787103,0.129212897,0,0,1
1,0.32,93.81,1.82,2,3,4,47,3,7,13.0,57,6.0,0.430211209,0.569788791,0,0,1
1,0.32,208.01,177.27,1,1,10,34,0,0,6.0,44,6.0,0.301500237,0.698499763,0,0,1
1,0.32,231.76,227.26,1,1,10,33,0,0,4.0,43,7.0,0.518756542,0.481243458,0,0,1
1,0.32,296.58,58.38,1,2,10,22,0,0,-3.0,88,5.0,0.690476878,0.309523122,0,0,1
1,0.32,344.94,337.58,4,2,5,48,17,17,5.0,58,6.0,0.325515792,0.674484208,0,0,1
1,0.33,74.34,54.6,3,3,11,17,13,0,-2.0,27,6.0,0.957983912,0.042016088,0,0,1
1,0.33,108.25,7.26,4,1,10,20,9,16,3.0,30,5.0,0.075482633,0.924517367,0,0,1
1,0.33,149.62,27.01,2,2,6,40,3,7,9.0,50,6.0,0.220585827,0.779414173,0,0,1
1,0.33,239.62,243.27,4,3,12,36,17,17,7.0,74,6.0,0.345201179,0.654798821,0,0,1
1,0.33,249.52,227.15,1,1,10,33,0,0,4.0,43,7.0,0.518756542,0.481243458,0,0,1
1,0.33,256.47,241.23,3,2,11,46,6,6,12.0,64,6.0,0.771190209,0.228809791,0,0,1
1,0.33,263.25,33.42,3,3,11,48,14,24,-3.0,62,3.0,0.26198497,0.73801503,0,0,1
1,0.33,317.66,198.74,3,1,10,41,10,7,-5.0,69,6.0,0.676971272,0.323028728,0,0,1
1,0.33,324.93,230.07,3,2,11,46,6,6,12.0,64,6.0,0.771190209,0.228809791,0,0,1
1,0.33,326.41,33.73,2,1,10,23,13,0,2.0,87,6.0,0.870787103,0.129212897,0,0,1
1,0.33,343.35,46.58,3,3,11,17,13,0,-2.0,27,6.0,0.957983912,0.042016088,0,0,1
1,0.34,70.96,53.89,3,3,11,17,13,0,-2.0,27,6.0,0.957983912,0.042016088,0,0,1
1,0.34,227.85,185.22,1,1,10,34,0,0,6.0,44,6.0,0.301500237,0.698499763,0,0,1
1,0.34,261.19,226.55,1,1,10,33,0,0,4.0,43,7.0,0.518756542,0.481243458,0,0,1
1,0.35,157.03,167.32,1,2,8,45,0,3,12.0,55,6.0,0.525586449,0.474413551,0,0,1
1,0.35,271.54,225.34,1,1,10,33,0,0,4.0,43,7.0,0.518756542,0.481243458,0,0,1
1,0.35,313.37,231.19,3,2,11,46,6,6,12.0,64,6.0,0.771190209,0.228809791,0,0,1
1,0.35,320.01,296.1,2,1,10,23,13,0,2.0,87,6.0,0.870787103,0.129212897,0,0,1
1,0.35,330.09,7.97,1,2,10,22,0,0,-3.0,88,5.0,0.690476878,0.309523122,0,0,1
1,0.36,5.02,331.75,4,2,5,48,17,17,5.0,58,6.0,0.325515792,0.674484208,0,0,1
1,0.36,47.13,189.21,2,2,6,30,10,0,-4.0,80,6.0,0.865469567,0.134530433,0,0,1
1,0.36,67.28,53.07,3,3,11,17,13,0,-2.0,27,6.0,0.957983912,0.042016088,0,0,1
1,0.36,128.89,27.44,4,3,12,36,17,17,7.0,74,6.0,0.345201179,0.654798821,0,0,0
1,0.36,140.81,30.13,2,2,6,40,3,7,9.0,50,6.0,0.220585827,0.779414173,0,0,1
1,0.36,239.62,236.51,4,3,12,36,17,17,7.0,74,6.0,0.345201179,0.654798821,0,0,1
1,0.36,279.69,224.57,1,1,10,33,0,0,4.0,43,7.0,0.518756542,0.481243458,0,0,1
1,0.36,345.6,330.94,4,2,5,48,17,17,5.0,58,6.0,0.325515792,0.674484208,0,0,1
1,0.36,348.27,46.2,3,3,11,17,13,0,-2.0,27,6.0,0.957983912,0.042016088,0,0,1
1,0.37,61.59,51.96,3,3,11,17,13,0,-2.0,27,6.0,0.957983912,0.042016088,0,0,1
1,0.37,66.48,70.98,3,3,11,48,14,24,-3.0,62,3.0,0.26198497,0.73801503,0,0,0
1,0.37,75.87,2.81,2,3,4,47,3,7,13.0,57,6.0,0.430211209,0.569788791,0,0,1
1,0.37,118.44,103.21,3,3,11,48,14,24,-3.0,62,3.0,0.26198497,0.73801503,0,0,0
1,0.37,121.07,109.86,3,3,11,48,14,24,-3.0,62,3.0,0.26198497,0.73801503,0,0,0
1,0.37,124.91,116.16,3,3,11,48,14,24,-3.0,62,3.0,0.26198497,0.73801503,0,0,0
1,0.37,234.18,227.83,2,2,10,47,14,3,-2.0,63,7.0,0.7943867,0.2056133,0,0,1
1,0.37,254.63,238.6,3,2,11,46,6,6,12.0,64,6.0,0.771190209,0.228809791,0,0,1
1,0.37,304.09,23.64,4,3,12,36,17,17,7.0,74,6.0,0.345201179,0.654798821,0,0,0
1,0.38,0.63,47.23,3,3,11,17,13,0,-2.0,27,6.0,0.957983912,0.042016088,0,0,1
1,0.38,25.09,49.32,3,3,11,17,13,0,-2.0,27,6.0,0.957983912,0.042016088,0,0,1
1,0.38,115.13,99.09,3,3,11,48,14,24,-3.0,62,3.0,0.26198497,0.73801503,0,0,0
1,0.38,126.48,121.84,3,3,11,48,14,24,-3.0,62,3.0,0.26198497,0.73801503,0,0,0
1,0.38,237.47,229.0,4,3,12,36,17,17,7.0,74,6.0,0.345201179,0.654798821,0,0,1
1,0.38,296.11,232.38,3,2,11,46,6,6,12.0,64,6.0,0.771190209,0.228809791,0,0,1
1,0.38,298.42,206.31,3,1,10,41,10,7,-5.0,69,6.0,0.676971272,0.323028728,0,0,1
1,0.38,315.67,18.28,4,3,12,36,17,17,7.0,74,6.0,0.345201179,0.654798821,0,0,0
1,0.38,352.06,326.89,4,2,5,48,17,17,5.0,58,6.0,0.325515792,0.674484208,0,0,1
1,0.39,66.48,70.84,3,3,11,48,14,24,-3.0,62,3.0,0.26198497,0.73801503,0,0,0
1,0.39,127.97,129.52,3,3,11,48,14,24,-3.0,62,3.0,0.26198497,0.73801503,0,0,0
1,0.39,215.6,174.71,4,3,8,22,24,13,15.0,32,5.0,0.93401104,0.06598896,0,0,1
1,0.39,238.33,202.16,1,1,10,34,0,0,6.0,44,6.0,0.301500237,0.698499763,0,0,1
1,0.39,268.09,29.27,3,3,11,48,14,24,-3.0,62,3.0,0.26198497,0.73801503,0,0,1
1,0.39,284.32,23.13,3,3,11,48,14,24,-3.0,62,3.0,0.26198497,0.73801503,0,0,1
1,0.39,294.76,221.16,1,1,10,33,0,0,4.0,43,7.0,0.518756542,0.481243458,0,0,1
1,0.39,324.68,57.13,1,2,10,22,0,0,-3.0,88,5.0,0.690476878,0.309523122,0,0,1
1,0.4,66.48,70.59,3,3,11,48,14,24,-3.0,62,3.0,0.26198497,0.73801503,0,0,0
1,0.4,100.19,6.99,4,1,10,20,9,16,3.0,30,5.0,0.075482633,0.924517367,0,0,1
1,0.4,115.26,171.13,4,3,12,36,17,17,7.0,74,6.0,0.345201179,0.654798821,0,0,1
1,0.4,131.32,136.15,3,3,11,48,14,24,-3.0,62,3.0,0.26198497,0.73801503,0,0,0
1,0.4,254.63,236.24,3,2,11,46,6,6,12.0,64,6.0,0.771190209,0.228809791,0,0,1
1,0.4,282.8,232.62,3,2,11,46,6,6,12.0,64,6.0,0.771190209,0.228809791,0,0,1
1,0.4,323.97,13.24,4,3,12,36,17,17,7.0,74,6.0,0.345201179,0.654798821,0,0,0
1,0.4,329.8,37.8,2,1,10,23,13,0,2.0,87,6.0,0.870787103,0.129212897,0,0,1
1,0.4,344.84,14.1,1,2,10,22,0,0,-3.0,88,5.0,0.690476878,0.309523122,0,0,1
1,0.41,41.82,350.07,1,1,25,21,3,3,11.0,31,6.0,0.576567639,0.423432361,0,0,1
1,0.41,107.69,83.18,3,3,11,48,14,24,-3.0,62,3.0,0.26198497,0.73801503,0,0,0
1,0.41,112.81,86.67,3,3,11,48,14,24,-3.0,62,3.0,0.26198497,0.73801503,0,0,0
1,0.41,132.63,142.51,3,3,11,48,14,24,-3.0,62,3.0,0.26198497,0.73801503,0,0,0
1,0.41,235.57,220.78,4,3,12,36,17,17,7.0,74,6.0,0.345201179,0.654798821,0,0,1
1,0.41,237.52,230.76,2,2,10,47,14,3,-2.0,63,7.0,0.7943867,0.2056133,0,0,1
1,0.41,249.72,207.06,1,1,10,34,0,0,6.0,44,6.0,0.301500237,0.698499763,0,0,1
1,0.41,288.65,212.23,3,1,10,41,10,7,-5.0,69,6.0,0.676971272,0.323028728,0,0,1
1,0.41,300.23,220.91,1,1,10,33,0,0,4.0,43,7.0,0.518756542,0.481243458,0,0,1
1,0.41,332.1,8.08,4,3,12,36,17,17,7.0,74,6.0,0.345201179,0.654798821,0,0,0
1,0.41,337.75,300.15,2,1,10,23,13,0,2.0,87,6.0,0.870787103,0.129212897,0,0,1
1,0.42,47.13,195.97,2,2,6,30,10,0,-4.0,80,6.0,0.865469567,0.134530433,0,0,1
1,0.42,121.91,181.47,1,3,10,21,0,0,2.0,89,5.0,0.653173864,0.346826136,0,0,1
1,0.42,131.99,148.28,3,3,11,48,14,24,-3.0,62,3.0,0.26198497,0.73801503,0,0,0
1,0.42,255.25,219.33,1,1,10,34,0,0,6.0,44,6.0,0.301500237,0.698499763,0,0,1
1,0.42,257.93,234.17,3,2,11,46,6,6,12.0,64,6.0,0.771190209,0.228809791,0,0,1
1,0.42,270.11,233.51,3,2,11,46,6,6,12.0,64,6.0,0.771190209,0.228809791,0,0,1
1,0.43,60.64,189.21,1,3,10,25,3,0,23.0,35,5.0,0.53157213,0.46842787,0,0,1
1,0.43,62.76,2.3,2,3,4,47,3,7,13.0,57,6.0,0.430211209,0.569788791,0,0,1
1,0.43,71.27,70.52,3,3,11,48,14,24,-3.0,62,3.0,0.26198497,0.73801503,0,0,0
1,0.43,75.23,23.37,4,3,12,36,17,17,7.0,74,6.0,0.345201179,0.654798821,0,0,0
1,0.43,102.8,80.7,3,3,11,48,14,24,-3.0,62,3.0,0.26198497,0.73801503,0,0,0
1,0.43,110.81,34.47,2,2,6,40,3,7,9.0,50,6.0,0.220585827,0.779414173,0,0,1
1,0.43,134.38,154.56,3,3,11,48,14,24,-3.0,62,3.0,0.26198497,0.73801503,0,0,0
1,0.43,138.06,159.68,3,3,11,48,14,24,-3.0,62,3.0,0.26198497,0.73801503,0,0,0
1,0.43,140.36,164.99,3,3,11,48,14,24,-3.0,62,3.0,0.26198497,0.73801503,0,0,0
1,0.43,214.25,187.17,2,2,6,30,10,0,-4.0,80,6.0,0.865469567,0.134530433,0,0,1
1,0.43,227.93,233.7,2,2,10,47,14,3,-2.0,63,7.0,0.7943867,0.2056133,0,0,1
1,0.43,262.62,212.37,1,1,10,34,0,0,6.0,44,6.0,0.301500237,0.698499763,0,0,1
1,0.44,47.59,5.16,4,1,10,20,9,16,3.0,30,5.0,0.075482633,0.924517367,0,0,1
1,0.44,73.26,70.85,3,3,11,48,14,24,-3.0,62,3.0,0.26198497,0.73801503,0,0,0
1,0.44,90.17,76.03,3,3,11,48,14,24,-3.0,62,3.0,0.26198497,0.73801503,0,0,0
1,0.44,96.71,78.02,3,3,11,48,14,24,-3.0,62,3.0,0.26198497,0.73801503,0,0,0
1,0.44,232.94,214.37,4,3,12,36,17,17,7.0,74,6.0,0.345201179,0.654798821,0,0,1
1,0.44,256.35,219.22,1,1,10,34,0,0,6.0,44,6.0,0.301500237,0.698499763,0,0,1
1,0.44,266.55,214.22,1,1,10,34,0,0,6.0,44,6.0,0.301500237,0.698499763,0,0,1
1,0.44,281.87,218.62,3,1,10,41,10,7,-5.0,69,6.0,0.676971272,0.323028728,0,0,1
1,0.44,297.78,261.85,3,1,10,41,10,7,-5.0,69,6.0,0.676971272,0.323028728,0,0,1
1,0.44,305.73,221.46,1,1,10,33,0,0,4.0,43,7.0,0.518756542,0.481243458,0,0,1
1,0.44,335.95,3.79,4,3,12,36,17,17,7.0,74,6.0,0.345201179,0.654798821,0,0,0
1,0.44,350.64,18.87,1,2,10,22,0,0,-3.0,88,5.0,0.690476878,0.309523122,0,0,1
1,0.45,31.46,184.59,3,3,7,26,20,17,15.0,84,6.0,0.563091066,0.436908934,0,0,1
1,0.45,31.64,349.66,1,1,25,21,3,3,11.0,31,6.0,0.576567639,0.423432361,0,0,1
1,0.45,75.73,6.99,4,1,10,20,9,16,3.0,30,5.0,0.075482633,0.924517367,0,0,1
1,0.45,80.64,72.9,3,3,11,48,14,24,-3.0,62,3.0,0.26198497,0.73801503,0,0,0
1,0.45,85.96,74.32,3,3,11,48,14,24,-3.0,62,3.0,0.26198497,0.73801503,0,0,0
1,0.45,103.13,171.36,4,3,12,36,17,17,7.0,74,6.0,0.345201179,0.654798821,0,0,1
1,0.45,257.5,217.66,1,1,10,34,0,0,6.0,44,6.0,0.301500237,0.698499763,0,0,1
1,0.45,257.5,218.61,1,1,10,34,0,0,6.0,44,6.0,0.301500237,0.698499763,0,0,1
1,0.45,260.78,216.17,1,1,10,34,0,0,6.0,44,6.0,0.301500237,0.698499763,0,0,1
1,0.45,326.17,7.91,3,3,11,48,14,24,-3.0,62,3.0,0.26198497,0.73801503,0,0,1
1,0.46,88.73,34.42,2,2,6,40,3,7,9.0,50,6.0,0.220585827,0.779414173,0,0,1
1,0.46,345.95,305.23,2,1,10,23,13,0,2.0,87,6.0,0.870787103,0.129212897,0,0,1
1,0.46,352.27,54.76,1,2,10,22,0,0,-3.0,88,5.0,0.690476878,0.309523122,0,0,1
1,0.47,46.9,21.11,4,3,12,36,17,17,7.0,74,6.0,0.345201179,0.654798821,0,0,0
1,0.47,47.68,1.25,2,3,4,47,3,7,13.0,57,6.0,0.430211209,0.569788791,0,0,1
1,0.47,231.62,209.14,4,3,12,36,17,17,7.0,74,6.0,0.345201179,0.654798821,0,0,1
1,0.47,244.16,195.73,2,2,10,47,14,3,-2.0,63,7.0,0.7943867,0.2056133,0,0,1
1,0.47,277.04,224.83,3,1,10,41,10,7,-5.0,69,6.0,0.676971272,0.323028728,0,0,1
1,0.47,305.02,223.3,1,1,10,33,0,0,4.0,43,7.0,0.518756542,0.481243458,0,0,1
1,0.47,335.62,40.4,2,1,10,23,13,0,2.0,87,6.0,0.870787103,0.129212897,0,0,1
1,0.47,351.68,1.57,4,3,12,36,17,17,7.0,74,6.0,0.345201179,0.654798821,0,0,0
1,0.48,119.54,182.74,1,3,10,21,0,0,2.0,89,5.0,0.653173864,0.346826136,0,0,1
1,0.48,170.56,163.92,1,2,8,45,0,3,12.0,55,6.0,0.525586449,0.474413551,0,0,1
1,0.48,207.74,192.26,2,2,6,30,10,0,-4.0,80,6.0,0.865469567,0.134530433,0,0,1
1,0.48,245.49,202.24,2,2,10,47,14,3,-2.0,63,7.0,0.7943867,0.2056133,0,0,1
1,0.48,355.58,22.3,1,2,10,22,0,0,-3.0,88,5.0,0.690476878,0.309523122,0,0,1
1,0.49,47.8,200.8,2,2,6,30,10,0,-4.0,80,6.0,0.865469567,0.134530433,0,0,1
1,0.49,60.08,33.19,2,2,6,40,3,7,9.0,50,6.0,0.220585827,0.779414173,0,0,1
1,0.49,98.85,171.54,4,3,12,36,17,17,7.0,74,6.0,0.345201179,0.654798821,0,0,1
1,0.49,292.89,262.37,3,1,10,41,10,7,-5.0,69,6.0,0.676971272,0.323028728,0,0,1
1,0.5,22.05,349.3,1,1,25,21,3,3,11.0,31,6.0,0.576567639,0.423432361,0,0,1
1,0.5,273.54,231.17,3,1,10,41,10,7,-5.0,69,6.0,0.676971272,0.323028728,0,0,1
1,0.5,338.19,308.68,2,1,10,23,13,0,2.0,87,6.0,0.870787103,0.129212897,0,0,1
1,0.51,0.54,0.31,4,3,12,36,17,17,7.0,74,6.0,0.345201179,0.654798821,0,0,0
1,0.51,20.25,184.57,3,3,7,26,20,17,15.0,84,6.0,0.563091066,0.436908934,0,0,1
1,0.51,294.31,346.6,1,1,25,21,3,3,11.0,31,6.0,0.576567639,0.423432361,0,0,1
1,0.51,302.12,224.99,1,1,10,33,0,0,4.0,43,7.0,0.518756542,0.481243458,0,0,1
1,0.51,357.62,24.61,1,2,10,22,0,0,-3.0,88,5.0,0.690476878,0.309523122,0,0,1
1,0.52,40.45,359.54,2,3,4,47,3,7,13.0,57,6.0,0.430211209,0.569788791,0,0,1
1,0.52,46.21,32.21,2,2,6,40,3,7,9.0,50,6.0,0.220585827,0.779414173,0,0,1
1,0.52,289.56,311.19,3,3,11,48,14,24,-3.0,62,3.0,0.26198497,0.73801503,0,0,1
1,0.53,33.98,18.85,4,3,12,36,17,17,7.0,74,6.0,0.345201179,0.654798821,0,0,0
1,0.53,94.94,183.47,1,3,10,21,0,0,2.0,89,5.0,0.653173864,0.346826136,0,0,1
1,0.53,231.01,199.46,4,3,12,36,17,17,7.0,74,6.0,0.345201179,0.654798821,0,0,1
1,0.54,31.53,203.01,2,2,6,30,10,0,-4.0,80,6.0,0.865469567,0.134530433,0,0,1
1,0.54,44.3,29.3,2,2,6,40,3,7,9.0,50,6.0,0.220585827,0.779414173,0,0,1
1,0.54,200.26,200.96,2,2,6,30,10,0,-4.0,80,6.0,0.865469567,0.134530433,0,0,1
1,0.54,258.79,238.45,3,1,10,41,10,7,-5.0,69,6.0,0.676971272,0.323028728,0,0,1
1,0.54,285.18,263.9,3,1,10,41,10,7,-5.0,69,6.0,0.676971272,0.323028728,0,0,1
1,0.54,294.76,226.44,1,1,10,33,0,0,4.0,43,7.0,0.518756542,0.481243458,0,0,1
1,0.54,336.24,14.53,2,2,6,40,3,7,9.0,50,6.0,0.220585827,0.779414173,0,0,1
1,0.54,344.2,311.22,2,1,10,23,13,0,2.0,87,6.0,0.870787103,0.129212897,0,0,1
1,0.54,345.23,1.8,3,3,11,48,14,24,-3.0,62,3.0,0.26198497,0.73801503,0,0,1
1,0.54,359.59,52.71,1,2,10,22,0,0,-3.0,88,5.0,0.690476878,0.309523122,0,0,1
1,0.55,14.44,348.77,1,1,25,21,3,3,11.0,31,6.0,0.576567639,0.423432361,0,0,1
1,0.55,33.98,16.56,4,3,12,36,17,17,7.0,74,6.0,0.345201179,0.654798821,0,0,0
1,0.55,49.66,0.6,2,1,10,23,13,0,2.0,87,6.0,0.870787103,0.129212897,0,0,1
1,0.55,97.76,171.68,4,3,12,36,17,17,7.0,74,6.0,0.345201179,0.654798821,0,0,1
1,0.55,285.3,359.51,4,1,10,20,9,16,3.0,30,5.0,0.075482633,0.924517367,0,0,1
1,0.55,341.09,12.48,2,2,6,40,3,7,9.0,50,6.0,0.220585827,0.779414173,0,0,1
1,0.55,343.07,358.0,3,3,11,48,14,24,-3.0,62,3.0,0.26198497,0.73801503,0,0,1
1,0.55,346.92,10.49,2,2,6,40,3,7,9.0,50,6.0,0.220585827,0.779414173,0,0,1
1,0.56,3.48,1.95,2,2,6,40,3,7,9.0,50,6.0,0.220585827,0.779414173,0,0,1
1,0.56,3.48,2.77,2,2,6,40,3,7,9.0,50,6.0,0.220585827,0.779414173,0,0,1
1,0.56,5.14,50.45,1,2,10,22,0,0,-3.0,88,5.0,0.690476878,0.309523122,0,0,1
1,0.56,6.76,1.76,2,2,6,40,3,7,9.0,50,6.0,0.220585827,0.779414173,0,0,1
1,0.56,11.62,3.86,2,2,6,40,3,7,9.0,50,6.0,0.220585827,0.779414173,0,0,1
1,0.56,19.32,7.81,2,2,6,40,3,7,9.0,50,6.0,0.220585827,0.779414173,0,0,1
1,0.56,26.41,185.11,3,3,7,26,20,17,15.0,84,6.0,0.563091066,0.436908934,0,0,1
1,0.56,29.02,358.31,2,3,4,47,3,7,13.0,57,6.0,0.430211209,0.569788791,0,0,1
1,0.56,33.98,14.04,4,3,12,36,17,17,7.0,74,6.0,0.345201179,0.654798821,0,0,0
1,0.56,45.72,17.51,2,2,6,40,3,7,9.0,50,6.0,0.220585827,0.779414173,0,0,1
1,0.56,48.63,24.73,2,2,6,40,3,7,9.0,50,6.0,0.220585827,0.779414173,0,0,1
1,0.56,186.91,164.53,1,2,8,45,0,3,12.0,55,6.0,0.525586449,0.474413551,0,0,1
1,0.56,243.09,221.98,2,2,10,47,14,3,-2.0,63,7.0,0.7943867,0.2056133,0,0,1
1,0.56,308.91,345.41,1,1,25,21,3,3,11.0,31,6.0,0.576567639,0.423432361,0,0,1
1,0.56,349.58,353.87,3,3,11,48,14,24,-3.0,62,3.0,0.26198497,0.73801503,0,0,1
1,0.56,352.33,8.47,2,2,6,40,3,7,9.0,50,6.0,0.220585827,0.779414173,0,0,1
1,0.56,353.12,27.31,1,2,10,22,0,0,-3.0,88,5.0,0.690476878,0.309523122,0,0,1
1,0.56,357.21,6.59,2,2,6,40,3,7,9.0,50,6.0,0.220585827,0.779414173,0,0,1
1,0.57,6.76,1.71,2,2,6,40,3,7,9.0,50,6.0,0.220585827,0.779414173,0,0,1
1,0.57,23.46,0.86,4,3,12,36,17,17,7.0,74,6.0,0.345201179,0.654798821,0,0,0
1,0.57,29.95,12.75,2,2,6,40,3,7,9.0,50,6.0,0.220585827,0.779414173,0,0,1
1,0.57,96.57,186.54,1,3,10,25,3,0,23.0,35,5.0,0.53157213,0.46842787,0,0,1
1,0.57,102.47,172.72,4,3,12,36,17,17,7.0,74,6.0,0.345201179,0.654798821,0,0,1
1,0.57,281.27,264.15,3,1,10,41,10,7,-5.0,69,6.0,0.676971272,0.323028728,0,0,1
1,0.57,286.63,227.48,1,1,10,33,0,0,4.0,43,7.0,0.518756542,0.481243458,0,0,1
1,0.57,297.55,325.31,4,1,10,20,9,16,3.0,30,5.0,0.075482633,0.924517367,0,0,1
1,0.57,339.66,314.34,2,1,10,23,13,0,2.0,87,6.0,0.870787103,0.129212897,0,0,1
1,0.57,342.34,348.38,3,3,11,48,14,24,-3.0,62,3.0,0.26198497,0.73801503,0,0,1
1,0.58,34.62,2.79,4,3,12,36,17,17,7.0,74,6.0,0.345201179,0.654798821,0,0,0
1,0.58,45.64,359.12,2,1,10,23,13,0,2.0,87,6.0,0.870787103,0.129212897,0,0,1
1,0.58,203.11,174.33,4,3,8,22,24,13,15.0,32,5.0,0.93401104,0.06598896,0,0,1
1,0.58,205.02,205.27,2,2,6,30,10,0,-4.0,80,6.0,0.865469567,0.134530433,0,0,1
1,0.58,215.45,204.81,2,2,6,30,10,0,-4.0,80,6.0,0.865469567,0.134530433,0,0,1
1,0.58,282.83,356.3,4,1,10,20,9,16,3.0,30,5.0,0.075482633,0.924517367,0,0,1
1,0.58,293.02,314.22,3,3,11,48,14,24,-3.0,62,3.0,0.26198497,0.73801503,0,0,1
1,0.58,337.68,343.04,3,3,11,48,14,24,-3.0,62,3.0,0.26198497,0.73801503,0,0,1
1,0.59,23.61,47.87,1,2,10,22,0,0,-3.0,88,5.0,0.690476878,0.309523122,0,0,1
1,0.59,36.75,4.32,4,3,12,36,17,17,7.0,74,6.0,0.345201179,0.654798821,0,0,0
1,0.59,41.81,357.07,2,1,10,23,13,0,2.0,87,6.0,0.870787103,0.129212897,0,0,1
1,0.59,42.14,184.59,1,3,10,21,0,0,2.0,89,5.0,0.653173864,0.346826136,0,0,1
1,0.59,189.47,164.78,1,2,8,45,0,3,12.0,55,6.0,0.525586449,0.474413551,0,0,1
1,0.59,215.06,190.64,4,3,12,36,17,17,7.0,74,6.0,0.345201179,0.654798821,0,0,1
1,0.59,225.12,237.62,2,2,10,47,14,3,-2.0,63,7.0,0.7943867,0.2056133,0,0,1
1,0.59,262.1,245.54,3,1,10,41,10,7,-5.0,69,6.0,0.676971272,0.323028728,0,0,1
1,0.59,331.99,338.1,3,3,11,48,14,24,-3.0,62,3.0,0.26198497,0.73801503,0,0,1
1,0.6,35.31,7.69,4,3,12,36,17,17,7.0,74,6.0,0.345201179,0.654798821,0,0,0
1,0.6,109.84,174.15,4,3,12,36,17,17,7.0,74,6.0,0.345201179,0.654798821,0,0,1
1,0.6,207.27,208.43,2,2,6,30,10,0,-4.0,80,6.0,0.865469567,0.134530433,0,0,1
1,0.6,272.49,263.2,3,1,10,41,10,7,-5.0,69,6.0,0.676971272,0.323028728,0,0,1
1,0.6,295.74,315.96,3,3,11,48,14,24,-3.0,62,3.0,0.26198497,0.73801503,0,0,1
1,0.6,318.47,327.01,3,3,11,48,14,24,-3.0,62,3.0,0.26198497,0.73801503,0,0,1
1,0.6,358.05,26.22,1,2,10,22,0,0,-3.0,88,5.0,0.690476878,0.309523122,0,0,1
1,0.61,20.73,356.29,2,3,4,47,3,7,13.0,57,6.0,0.430211209,0.569788791,0,0,1
1,0.61,202.0,171.52,1,2,8,45,0,3,12.0,55,6.0,0.525586449,0.474413551,0,0,1
1,0.61,265.01,260.9,3,1,10,41,10,7,-5.0,69,6.0,0.676971272,0.323028728,0,0,1
1,0.61,269.91,250.59,3,1,10,41,10,7,-5.0,69,6.0,0.676971272,0.323028728,0,0,1
1,0.61,296.89,328.12,4,1,10,20,9,16,3.0,30,5.0,0.075482633,0.924517367,0,0,1
1,0.61,303.08,319.9,3,3,11,48,14,24,-3.0,62,3.0,0.26198497,0.73801503,0,0,1
1,0.61,311.24,322.51,3,3,11,48,14,24,-3.0,62,3.0,0.26198497,0.73801503,0,0,1
1,0.61,359.16,26.85,1,2,10,22,0,0,-3.0,88,5.0,0.690476878,0.309523122,0,0,1
1,0.62,17.86,24.17,1,2,10,22,0,0,-3.0,88,5.0,0.690476878,0.309523122,0,0,1
1,0.62,27.42,32.62,1,2,10,22,0,0,-3.0,88,5.0,0.690476878,0.309523122,0,0,1
1,0.62,34.46,354.52,2,1,10,23,13,0,2.0,87,6.0,0.870787103,0.129212897,0,0,1
1,0.62,118.72,176.12,4,3,12,36,17,17,7.0,74,6.0,0.345201179,0.654798821,0,0,1
1,0.62,161.62,180.9,4,3,12,36,17,17,7.0,74,6.0,0.345201179,0.654798821,0,0,1
1,0.62,187.96,165.18,1,2,8,45,0,3,12.0,55,6.0,0.525586449,0.474413551,0,0,1
1,0.62,192.05,183.8,4,3,12,36,17,17,7.0,74,6.0,0.345201179,0.654798821,0,0,1
1,0.62,206.69,174.91,4,3,8,22,24,13,15.0,32,5.0,0.93401104,0.06598896,0,0,1
1,0.62,241.06,229.73,2,2,10,47,14,3,-2.0,63,7.0,0.7943867,0.2056133,0,0,1
1,0.62,256.68,221.9,1,1,10,33,0,0,4.0,43,7.0,0.518756542,0.481243458,0,0,1
1,0.62,260.85,257.32,3,1,10,41,10,7,-5.0,69,6.0,0.676971272,0.323028728,0,0,1
1,0.62,268.79,227.33,1,1,10,33,0,0,4.0,43,7.0,0.518756542,0.481243458,0,0,1
1,0.62,317.83,344.39,1,1,25,21,3,3,11.0,31,6.0,0.576567639,0.423432361,0,0,1
1,0.62,329.57,318.2,2,1,10,23,13,0,2.0,87,6.0,0.870787103,0.129212897,0,0,1
1,0.63,21.37,44.77,1,2,10,22,0,0,-3.0,88,5.0,0.690476878,0.309523122,0,0,1
1,0.63,23.46,24.89,1,2,10,22,0,0,-3.0,88,5.0,0.690476878,0.309523122,0,0,1
1,0.63,27.99,186.44,3,3,7,26,20,17,15.0,84,6.0,0.563091066,0.436908934,0,0,1
1,0.63,110.97,185.15,1,3,10,25,3,0,23.0,35,5.0,0.53157213,0.46842787,0,0,1
1,0.63,207.9,210.28,2,2,6,30,10,0,-4.0,80,6.0,0.865469567,0.134530433,0,0,1
1,0.64,7.7,185.84,1,3,10,21,0,0,2.0,89,5.0,0.653173864,0.346826136,0,0,1
1,0.64,8.7,24.55,1,2,10,22,0,0,-3.0,88,5.0,0.690476878,0.309523122,0,0,1
1,0.64,10.63,354.16,2,3,4,47,3,7,13.0,57,6.0,0.430211209,0.569788791,0,0,1
1,0.64,20.15,28.29,1,2,10,22,0,0,-3.0,88,5.0,0.690476878,0.309523122,0,0,1
1,0.64,22.58,36.54,1,2,10,22,0,0,-3.0,88,5.0,0.690476878,0.309523122,0,0,1
1,0.64,26.21,351.38,2,1,10,23,13,0,2.0,87,6.0,0.870787103,0.129212897,0,0,1
1,0.64,31.91,30.63,1,2,10,22,0,0,-3.0,88,5.0,0.690476878,0.309523122,0,0,1
1,0.64,194.27,172.73,1,2,8,45,0,3,12.0,55,6.0,0.525586449,0.474413551,0,0,1
1,0.64,200.72,205.72,2,2,6,30,10,0,-4.0,80,6.0,0.865469567,0.134530433,0,0,1
1,0.64,228.95,237.82,2,2,10,47,14,3,-2.0,63,7.0,0.7943867,0.2056133,0,0,1
1,0.64,260.3,224.67,1,1,10,33,0,0,4.0,43,7.0,0.518756542,0.481243458,0,0,1
1,0.64,264.74,226.31,1,1,10,33,0,0,4.0,43,7.0,0.518756542,0.481243458,0,0,1
1,0.64,296.07,330.78,4,1,10,20,9,16,3.0,30,5.0,0.075482633,0.924517367,0,0,1
1,0.65,29.27,40.23,1,2,10,22,0,0,-3.0,88,5.0,0.690476878,0.309523122,0,0,1
1,0.65,210.92,212.37,2,2,6,30,10,0,-4.0,80,6.0,0.865469567,0.134530433,0,0,1
1,0.65,286.88,349.13,4,1,10,20,9,16,3.0,30,5.0,0.075482633,0.924517367,0,0,1
1,0.65,354.46,347.41,1,1,25,21,3,3,11.0,31,6.0,0.576567639,0.423432361,0,0,1
1,0.66,296.07,333.75,4,1,10,20,9,16,3.0,30,5.0,0.075482633,0.924517367,0,0,1
1,0.66,336.32,324.43,2,1,10,23,13,0,2.0,87,6.0,0.870787103,0.129212897,0,0,1
1,0.67,13.82,347.56,2,1,10,23,13,0,2.0,87,6.0,0.870787103,0.129212897,0,0,1
1,0.67,183.11,166.41,1,2,8,45,0,3,12.0,55,6.0,0.525586449,0.474413551,0,0,1
1,0.67,187.59,173.6,1,2,8,45,0,3,12.0,55,6.0,0.525586449,0.474413551,0,0,1
1,0.67,210.18,213.98,2,2,6,30,10,0,-4.0,80,6.0,0.865469567,0.134530433,0,0,1
1,0.67,246.97,232.23,2,2,10,47,14,3,-2.0,63,7.0,0.7943867,0.2056133,0,0,1
1,0.67,286.88,346.0,4,1,10,20,9,16,3.0,30,5.0,0.075482633,0.924517367,0,0,1
1,0.67,347.82,347.47,1,1,25,21,3,3,11.0,31,6.0,0.576567639,0.423432361,0,0,1
1,0.68,49.36,188.39,3,3,7,26,20,17,15.0,84,6.0,0.563091066,0.436908934,0,0,1
1,0.68,123.7,184.02,1,3,10,25,3,0,23.0,35,5.0,0.53157213,0.46842787,0,0,1
1,0.68,213.83,215.21,2,2,6,30,10,0,-4.0,80,6.0,0.865469567,0.134530433,0,0,1
1,0.68,290.1,342.55,4,1,10,20,9,16,3.0,30,5.0,0.075482633,0.924517367,0,0,1
1,0.68,293.27,339.56,4,1,10,20,9,16,3.0,30,5.0,0.075482633,0.924517367,0,0,1
1,0.68,296.07,337.19,4,1,10,20,9,16,3.0,30,5.0,0.075482633,0.924517367,0,0,1
1,0.68,331.34,344.31,1,1,25,21,3,3,11.0,31,6.0,0.576567639,0.423432361,0,0,1
1,0.68,337.33,327.8,2,1,10,23,13,0,2.0,87,6.0,0.870787103,0.129212897,0,0,1
1,0.68,338.49,347.08,1,1,25,21,3,3,11.0,31,6.0,0.576567639,0.423432361,0,0,1
1,0.68,359.31,343.53,2,1,10,23,13,0,2.0,87,6.0,0.870787103,0.129212897,0,0,1
1,0.69,183.59,173.75,1,2,8,45,0,3,12.0,55,6.0,0.525586449,0.474413551,0,0,1
1,0.69,184.59,166.94,1,2,8,45,0,3,12.0,55,6.0,0.525586449,0.474413551,0,0,1
1,0.69,194.68,175.56,4,3,8,22,24,13,15.0,32,5.0,0.93401104,0.06598896,0,0,1
1,0.69,341.38,331.96,2,1,10,23,13,0,2.0,87,6.0,0.870787103,0.129212897,0,0,1
1,0.69,349.65,339.45,2,1,10,23,13,0,2.0,87,6.0,0.870787103,0.129212897,0,0,1
1,0.7,242.78,236.04,2,2,10,47,14,3,-2.0,63,7.0,0.7943867,0.2056133,0,0,1
1,0.7,344.11,335.49,2,1,10,23,13,0,2.0,87,6.0,0.870787103,0.129212897,0,0,1
1,0.71,139.11,183.19,1,3,10,25,3,0,23.0,35,5.0,0.53157213,0.46842787,0,0,1
1,0.71,185.36,168.18,1,2,8,45,0,3,12.0,55,6.0,0.525586449,0.474413551,0,0,1
1,0.71,209.05,215.71,2,2,6,30,10,0,-4.0,80,6.0,0.865469567,0.134530433,0,0,1
1,0.72,4.98,350.69,2,3,4,47,3,7,13.0,57,6.0,0.430211209,0.569788791,0,0,1
1,0.72,180.84,174.18,1,2,8,45,0,3,12.0,55,6.0,0.525586449,0.474413551,0,0,1
1,0.72,208.76,208.35,2,2,6,30,10,0,-4.0,80,6.0,0.865469567,0.134530433,0,0,1
1,0.72,209.05,215.17,2,2,6,30,10,0,-4.0,80,6.0,0.865469567,0.134530433,0,0,1
1,0.73,69.04,190.57,3,3,7,26,20,17,15.0,84,6.0,0.563091066,0.436908934,0,0,1
1,0.73,184.37,169.97,1,2,8,45,0,3,12.0,55,6.0,0.525586449,0.474413551,0,0,1
1,0.73,187.68,176.18,4,3,8,22,24,13,15.0,32,5.0,0.93401104,0.06598896,0,0,1
1,0.73,207.66,210.59,2,2,6,30,10,0,-4.0,80,6.0,0.865469567,0.134530433,0,0,1
1,0.73,208.42,212.46,2,2,6,30,10,0,-4.0,80,6.0,0.865469567,0.134530433,0,0,1
1,0.73,210.84,213.57,2,2,6,30,10,0,-4.0,80,6.0,0.865469567,0.134530433,0,0,1
1,0.74,185.24,171.32,1,2,8,45,0,3,12.0,55,6.0,0.525586449,0.474413551,0,0,1
1,0.75,3.29,350.73,2,3,4,47,3,7,13.0,57,6.0,0.430211209,0.569788791,0,0,1
1,0.75,89.06,192.59,3,3,7,26,20,17,15.0,84,6.0,0.563091066,0.436908934,0,0,1
1,0.76,161.27,182.51,1,3,10,25,3,0,23.0,35,5.0,0.53157213,0.46842787,0,0,1
1,0.76,182.01,174.22,1,2,8,45,0,3,12.0,55,6.0,0.525586449,0.474413551,0,0,1
1,0.76,182.77,173.6,1,2,8,45,0,3,12.0,55,6.0,0.525586449,0.474413551,0,0,1
1,0.76,182.77,173.78,1,2,8,45,0,3,12.0,55,6.0,0.525586449,0.474413551,0,0,1
1,0.76,311.47,187.58,1,3,10,21,0,0,2.0,89,5.0,0.653173864,0.346826136,0,0,1
1,0.77,182.55,176.5,4,3,8,22,24,13,15.0,32,5.0,0.93401104,0.06598896,0,0,1
1,0.78,1.3,350.72,2,3,4,47,3,7,13.0,57,6.0,0.430211209,0.569788791,0,0,1
1,0.79,171.19,181.14,1,3,10,25,3,0,23.0,35,5.0,0.53157213,0.46842787,0,0,1
1,0.8,156.0,195.65,3,3,7,26,20,17,15.0,84,6.0,0.563091066,0.436908934,0,0,1
1,0.8,179.77,177.61,1,3,10,25,3,0,23.0,35,5.0,0.53157213,0.46842787,0,0,1
1,0.81,177.04,179.85,1,3,10,25,3,0,23.0,35,5.0,0.53157213,0.46842787,0,0,1
1,0.81,177.98,178.8,1,3,10,25,3,0,23.0,35,5.0,0.53157213,0.46842787,0,0,1
1,0.81,225.14,205.0,3,3,7,26,20,17,15.0,84,6.0,0.563091066,0.436908934,0,0,1
1,0.81,357.12,350.89,2,3,4,47,3,7,13.0,57,6.0,0.430211209,0.569788791,0,0,1
1,0.82,172.52,180.13,1,3,10,25,3,0,23.0,35,5.0,0.53157213,0.46842787,0,0,1
1,0.82,179.11,197.13,3,3,7,26,20,17,15.0,84,6.0,0.563091066,0.436908934,0,0,1
1,0.82,180.16,179.54,4,3,8,22,24,13,15.0,32,5.0,0.93401104,0.06598896,0,0,1
1,0.82,214.24,203.2,3,3,7,26,20,17,15.0,84,6.0,0.563091066,0.436908934,0,0,1
1,0.82,221.33,204.43,3,3,7,26,20,17,15.0,84,6.0,0.563091066,0.436908934,0,0,1
1,0.82,276.74,187.42,1,3,10,21,0,0,2.0,89,5.0,0.653173864,0.346826136,0,0,1
1,0.83,180.16,180.67,4,3,8,22,24,13,15.0,32,5.0,0.93401104,0.06598896,0,0,1
1,0.83,187.67,199.11,3,3,7,26,20,17,15.0,84,6.0,0.563091066,0.436908934,0,0,1
1,0.84,181.8,181.85,4,3,8,22,24,13,15.0,32,5.0,0.93401104,0.06598896,0,0,1
1,0.84,191.47,185.74,4,3,8,22,24,13,15.0,32,5.0,0.93401104,0.06598896,0,0,1
1,0.84,197.67,201.0,3,3,7,26,20,17,15.0,84,6.0,0.563091066,0.436908934,0,0,1
1,0.84,205.86,184.04,1,3,10,21,0,0,2.0,89,5.0,0.653173864,0.346826136,0,0,1
1,0.84,354.03,350.93,2,3,4,47,3,7,13.0,57,6.0,0.430211209,0.569788791,0,0,1
1,0.85,184.44,183.55,4,3,8,22,24,13,15.0,32,5.0,0.93401104,0.06598896,0,0,1
1,0.87,214.28,183.88,1,3,10,21,0,0,2.0,89,5.0,0.653173864,0.346826136,0,0,1
1,0.87,353.31,351.78,2,3,4,47,3,7,13.0,57,6.0,0.430211209,0.569788791,0,0,1
1,0.88,224.83,184.35,1,3,10,21,0,0,2.0,89,5.0,0.653173864,0.346826136,0,0,1
1,0.88,227.06,184.57,1,3,10,21,0,0,2.0,89,5.0,0.653173864,0.346826136,0,0,1
1,0.88,254.07,185.22,1,3,10,21,0,0,2.0,89,5.0,0.653173864,0.346826136,0,0,1
1,0.89,261.3,185.77,1,3,10,21,0,0,2.0,89,5.0,0.653173864,0.346826136,0,0,1
1,0.9,246.01,184.5,1,3,10,21,0,0,2.0,89,5.0,0.653173864,0.346826136,0,0,1
1,0.9,348.29,353.44,2,3,4,47,3,7,13.0,57,6.0,0.430211209,0.569788791,0,0,1
1,0.91,222.75,184.16,1,3,10,21,0,0,2.0,89,5.0,0.653173864,0.346826136,0,0,1
1,0.92,237.13,184.23,1,3,10,21,0,0,2.0,89,5.0,0.653173864,0.346826136,0,0,1
1,0.92,346.73,354.59,2,3,4,47,3,7,13.0,57,6.0,0.430211209,0.569788791,0,0,1
1,0.93,346.73,355.58,2,3,4,47,3,7,13.0,57,6.0,0.430211209,0.569788791,0,0,1
1,0.94,348.01,356.68,2,3,4,47,3,7,13.0,57,6.0,0.430211209,0.569788791,0,0,1
1,0.94,349.29,357.77,2,3,4,47,3,7,13.0,57,6.0,0.430211209,0.569788791,0,0,1
